Name,Slug,Category,Popular,Status,Score,Routing,Configured Options,Missing Options,Notes
"Fancy Text Generator","fancy-text-generator","Font & Text Style Generators",true,"🟢 Production Ready",10,"Switch Case","fancy-filter;fancy-decor","","Production ready. Options fully wired, verified, and quality checks passed."
"Name Generator","name-generator","Name Generators",true,"🟢 Production Ready",9,"Switch Case","name-type;name-style","",""
"Username Generator","username-generator","Name Generators",true,"🟢 Production Ready",10,"Switch Case","username-platform;username-style","","Production ready. Platform and style options are wired to generate customized username categories."
"YouTube Tag Generator","youtube-tag-generator","Social Media & Tag Generators",true,"🟢 Production Ready",10,"Switch Case","tag-content-type;tag-strategy;yt-audience;yt-metadata-focus;tag-count","","Production ready. Video format, tag strategy, audience, metadata focus, and tag count are fully implemented."
"Instagram Bio Generator","instagram-bio-generator","Bio & Caption Generators",true,"🟢 Production Ready",9,"Switch Case","ig-account-type;emoji-level","",""
"Meta Tag Generator","meta-tag-generator","SEO & Marketing Generators",true,"🟢 Production Ready",9,"Switch Case","meta-page-type;meta-robots;meta-card-type;meta-include-canonical","",""
"Bold Text Generator","bold-text-generator","Font & Text Style Generators",false,"🟢 Production Ready",10,"Switch Case","bold-filter;bold-decor","","Production ready. All bold filter styles and decorations are fully supported."
"Cursive Text Generator","cursive-text-generator","Font & Text Style Generators",false,"🟢 Production Ready",9,"Switch Case","","",""
"Glitch Text Generator","glitch-text-generator","Font & Text Style Generators",false,"🟢 Production Ready",9,"Switch Case","","",""
"Password Generator","password-generator","Utility Generators",true,"🟢 Production Ready",9,"Switch Case","password-length;password-mode;pw-uppercase;pw-lowercase;pw-numbers;pw-symbols","",""
"Lorem Ipsum Generator","lorem-ipsum-generator","Utility Generators",false,"🟢 Production Ready",9,"Switch Case","lorem-mode;lorem-count;lorem-start;lorem-format","",""
"Fantasy Name Generator","fantasy-name-generator","Gaming & Fantasy Generators",true,"🟢 Production Ready",9,"Pass19 Name Configs","pass19-style;pass19-tone;pass19-count","",""
"Text Case Converter","text-case-converter","Utility Generators",false,"🟢 Production Ready",10,"Switch Case","case-preserve-lines;case-focus","","Production ready. Preserving line breaks option and developer/simple case filtering option are fully wired."
"Team Name Generator","team-name-generator","Name Generators",false,"🟢 Production Ready",9,"Pass19 Name Configs","pass19-style;pass19-tone;pass19-count","",""
"Robots.txt Generator","robots-txt-generator","SEO & Marketing Generators",false,"🟢 Production Ready",9,"Switch Case","robots-mode;robots-include-sitemap;robots-crawl-delay;robots-block-ai;robots-block-seo","",""
"Word Counter","word-counter","Utility Generators",false,"🟢 Production Ready",10,"Switch Case","reading-wpm;speaking-wpm;word-include-density","","Production ready. Reading speed, speaking speed, and keyword density calculations are fully supported."
"UUID Generator","uuid-generator","Developer & Web Generators",false,"🟢 Production Ready",9,"Switch Case","uuid-version;uuid-count;uuid-case;uuid-hyphens","",""
"Random Number Generator","random-number-generator","Random Generators",false,"🟢 Production Ready",9,"Switch Case","random-min;random-max;random-quantity;random-unique;random-sorted;random-decimals","",""
"Small Text Generator","small-text-generator","Font & Text Style Generators",false,"🟢 Production Ready",9,"Switch Case","","",""
"Italic Text Generator","italic-text-generator","Font & Text Style Generators",false,"🟢 Production Ready",9,"Switch Case","","",""
"Strikethrough Text Generator","strikethrough-text-generator","Font & Text Style Generators",false,"🟢 Production Ready",9,"Switch Case","","",""
"Underline Text Generator","underline-text-generator","Font & Text Style Generators",false,"🟢 Production Ready",9,"Switch Case","","",""
"Vaporwave Text Generator","vaporwave-text-generator","Font & Text Style Generators",false,"🟢 Production Ready",9,"Switch Case","","",""
"Reverse Text Generator","reverse-text-generator","Font & Text Style Generators",false,"🟢 Production Ready",9,"Switch Case","","",""
"Unicode Text Generator","unicode-text-generator","Font & Text Style Generators",false,"🟢 Production Ready",9,"Switch Case","","",""
"Twitter/X Bio Generator","twitter-bio-generator","Bio & Caption Generators",false,"🟢 Production Ready",9,"Switch Case","twitter-bio-style;twitter-bio-cta","",""
"TikTok Bio Generator","tiktok-bio-generator","Bio & Caption Generators",false,"🟢 Production Ready",9,"Switch Case","tiktok-bio-tone;tiktok-bio-cta","",""
"LinkedIn Bio Generator","linkedin-bio-generator","Bio & Caption Generators",false,"🟢 Production Ready",9,"Switch Case","linkedin-profile-goal;linkedin-bio-length","",""
"Domain Name Generator","domain-name-generator","Business & Brand Generators",false,"🟢 Production Ready",9,"Switch Case","","",""
"Product Name Generator","product-name-generator","Business & Brand Generators",false,"🟢 Production Ready",9,"Switch Case","product-name-style","",""
"Baby Name Generator","baby-name-generator","Name Generators",true,"🟢 Production Ready",9,"Pass19 Name Configs","pass19-style;pass19-tone;pass19-count","",""
"Middle Name Generator","middle-name-generator","Name Generators",false,"🟢 Production Ready",9,"Pass19 Name Configs","","",""
"Last Name Generator","last-name-generator","Name Generators",false,"🟢 Production Ready",9,"Pass19 Name Configs","","",""
"Discord Name Generator","discord-name-generator","Name Generators",false,"🟢 Production Ready",9,"Pass19 Name Configs","pass19-style;pass19-tone;pass19-count","",""
"Clan Name Generator","clan-name-generator","Gaming & Fantasy Generators",false,"🟢 Production Ready",9,"Pass19 Name Configs","","",""
"Band Name Generator","band-name-generator","Creative & Story Generators",false,"🟢 Production Ready",9,"Switch Case","band-name-style","",""
"Superhero Name Generator","superhero-name-generator","Creative & Story Generators",false,"🟢 Production Ready",9,"Pass19 Name Configs","","",""
"Rap Name Generator","rap-name-generator","Creative & Story Generators",false,"🟢 Production Ready",10,"Pass19 Name Configs","rap-style;name-format","","Production ready. Lyrical/upbeat style combinations, name formats, and card-based resultHtml rendering implemented."
"Song Name Generator","song-name-generator","Creative & Story Generators",false,"🟢 Production Ready",9,"Switch Case","song-name-style","",""
"Paragraph Generator","paragraph-generator","AI Text & Writing Generators",false,"🟢 Production Ready",9,"Switch Case","paragraph-purpose;paragraph-tone;paragraph-audience;paragraph-length;paragraph-pov;paragraph-structure;paragraph-include-outline","",""
"Sentence Generator","sentence-generator","AI Text & Writing Generators",false,"🟢 Production Ready",9,"Switch Case","sentence-mode;sentence-count;sentence-length","",""
"Blog Name Generator","blog-name-generator","AI Text & Writing Generators",false,"🟢 Production Ready",10,"Switch Case","name-style;name-length;include-taglines","","Production ready. Wire in length option to filter blog names dynamically."
"Pirate Name Generator","pirate-name-generator","Gaming & Fantasy Generators",false,"🟢 Production Ready",9,"Pass19 Name Configs","","",""
"Medieval Name Generator","medieval-name-generator","Gaming & Fantasy Generators",false,"🟢 Production Ready",9,"Pass19 Name Configs","pass19-style;pass19-tone;pass19-count","",""
"Hreflang Tag Generator","hreflang-tag-generator","SEO & Marketing Generators",false,"🟢 Production Ready",10,"Switch Case","hreflang-target;hreflang-x-default;hreflang-locales;hreflang-url-pattern","","Production ready. Wired target selection to filter HTML/Sitemap previews, added full support for URL structure and locale options."
"Schema Markup Generator","schema-tag-generator","SEO & Marketing Generators",false,"🟢 Production Ready",9,"Switch Case","schema-type","",""
"URL Slug Generator","slug-generator","Developer & Web Generators",false,"🟢 Production Ready",10,"Switch Case","slug-separator;slug-lowercase;slug-remove-stopwords;slug-max-length;slug-keyword-focus","","Production ready. Verified separators, casing, stop words, length limits, and focus keywords."
"Hash Generator","hash-generator","Developer & Web Generators",false,"🟢 Production Ready",10,"Switch Case","hash-algorithm-group;hash-uppercase","","Production ready. Wired algorithm group and uppercase casing, wrapped SubtleCrypto operations in a robust try-catch block for older browsers."
"JSON Formatter","json-formatter","Developer & Web Generators",false,"🟢 Production Ready",10,"Switch Case","json-indent;json-sort-keys;json-autofix","","Production ready. Verified spaces, keys sorting, and common syntax error auto-fixes."
"Coin Flip Generator","coin-flip","Random Generators",false,"🟢 Production Ready",9,"Switch Case","coin-count","",""
"Dice Roller","dice-roller","Random Generators",false,"🟢 Production Ready",9,"Switch Case","dice-count;dice-sides;dice-modifier","",""
"Color Palette Generator","color-palette-generator","Developer & Web Generators",false,"🟢 Production Ready",9,"Switch Case","","",""
"Town Name Generator","town-name-generator","Gaming & Fantasy Generators",false,"🟢 Production Ready",9,"Pass19 Name Configs","","",""
"Kingdom Name Generator","kingdom-name-generator","Gaming & Fantasy Generators",false,"🟢 Production Ready",9,"Pass19 Name Configs","pass19-style;pass19-tone;pass19-count","",""
"Dragon Name Generator","dragon-name-generator","Gaming & Fantasy Generators",false,"🟢 Production Ready",9,"Pass19 Name Configs","pass19-style;pass19-tone;pass19-count","",""
"Wolf Name Generator","wolf-name-generator","Gaming & Fantasy Generators",false,"🟢 Production Ready",9,"Pass19 Name Configs","","",""
"Demon Name Generator","demon-name-generator","Gaming & Fantasy Generators",false,"🟢 Production Ready",9,"Switch Case","","",""
"Elf Name Generator","elf-name-generator","Gaming & Fantasy Generators",false,"🟢 Production Ready",9,"Pass19 Name Configs","pass19-style;pass19-tone;pass19-count","",""
"Podcast Name Generator","podcast-name-generator","Creative & Story Generators",false,"🟢 Production Ready",9,"Switch Case","show-format;name-style;include-taglines","",""
"YouTube Channel Name Generator","youtube-name-generator","Creative & Story Generators",false,"🟢 Production Ready",9,"Switch Case","channel-position;name-style;include-handles","",""
"Instagram Caption Generator","instagram-caption-generator","Bio & Caption Generators",true,"🟢 Production Ready",10,"Switch Case","ig-caption-emoji;ig-caption-style","","Production ready. Verified emoji level prefixing and style sorting order."
"Nickname Generator","nickname-generator","Name Generators",true,"🟢 Production Ready",10,"Pass19 Name Configs","word-category;word-count;word-length","","Production ready. Implemented word categories, name counts, length boundaries, and reused renderGroupedIdeas helper for beautiful grid layouts."
"Hashtag Generator","hashtag-generator","Social Media & Tag Generators",true,"🟢 Production Ready",9,"Switch Case","","",""
"Etsy Tag Generator","etsy-tag-generator","SEO & Marketing Generators",false,"🟢 Production Ready",10,"Switch Case","etsy-product-type;etsy-material;etsy-style;etsy-occasion;etsy-buyer;etsy-personalization;etsy-positioning;tag-strategy;tag-count;include-long-tail","","Production ready. Verified listing tags generation from materials, styles, occasions, personalization, and target buyers."
"Writing Prompt Generator","writing-prompt-generator","AI Text & Writing Generators",false,"🟢 Production Ready",9,"Switch Case","writing-prompt-genre;writing-prompt-difficulty;writing-prompt-tone;writing-prompt-length;writing-prompt-first-line","",""
"Text to Binary Converter","text-to-binary-generator","Developer & Web Generators",false,"🟢 Production Ready",10,"Switch Case","binary-mode;binary-format","","Production ready. Wired binary-mode options to enable true encoding, decoding, or auto-detection of binary digits."
"Morse Code Generator","morse-code-generator","Developer & Web Generators",false,"🟢 Production Ready",10,"Switch Case","morse-mode;morse-word-separator","","Production ready. Verified translation mode and custom word separators (slash/spaces)."
"Anime Name Generator","anime-name-generator","Creative & Story Generators",false,"🟢 Production Ready",9,"Pass19 Name Configs","pass19-style;pass19-tone;pass19-count","",""
"Fake Name Generator","fake-name-generator","Utility Generators",false,"🟢 Production Ready",9,"Switch Case","","",""
"QR Code Text Generator","qr-code-text-generator","Utility Generators",false,"🟢 Production Ready",9,"Switch Case","qr-content-type","",""
"D&D Name Generator","dnd-name-generator","Gaming & Fantasy Generators",true,"🟢 Production Ready",9,"Pass19 Name Configs","","",""
"Orc Name Generator","orc-name-generator","Gaming & Fantasy Generators",false,"🟢 Production Ready",9,"Switch Case","","",""
"Witch Name Generator","witch-name-generator","Gaming & Fantasy Generators",false,"🟢 Production Ready",9,"Switch Case","","",""
"Alien Name Generator","alien-name-generator","Gaming & Fantasy Generators",false,"🟢 Production Ready",9,"Pass19 Name Configs","pass19-style;pass19-tone;pass19-count","",""
"Vampire Name Generator","vampire-name-generator","Gaming & Fantasy Generators",false,"🟢 Production Ready",9,"Switch Case","","",""
"Fairy Name Generator","fairy-name-generator","Gaming & Fantasy Generators",false,"🟢 Production Ready",9,"Switch Case","","",""
"Goblin Name Generator","goblin-name-generator","Gaming & Fantasy Generators",false,"🟢 Production Ready",9,"Switch Case","","",""
"Character Name Generator","character-name-generator","Creative & Story Generators",true,"🟢 Production Ready",9,"Switch Case","character-name-style","",""
"Story Title Generator","story-name-generator","Creative & Story Generators",false,"🟢 Production Ready",9,"Switch Case","story-name-style","",""
"Twitch Name Generator","twitch-name-generator","Creative & Story Generators",false,"🟢 Production Ready",9,"Switch Case","stream-style;name-style;include-handles","",""
"Random Phrase Generator","random-phrase-generator","Random Generators",false,"🟢 Production Ready",9,"Switch Case","","",""
"Special Character Generator","special-character-generator","Font & Text Style Generators",false,"🟢 Production Ready",9,"Switch Case","","",""
"ASCII Text Art Generator","ascii-text-generator","Font & Text Style Generators",false,"🟢 Production Ready",9,"Switch Case","","",""
"Creepy Text Generator","creepy-text-generator","Font & Text Style Generators",false,"🟢 Production Ready",9,"Switch Case","","",""
"Gaming Name Generator","gaming-name-generator","Gaming & Fantasy Generators",true,"🟢 Production Ready",9,"Switch Case","","",""
"Guild Name Generator","guild-name-generator","Gaming & Fantasy Generators",false,"🟢 Production Ready",9,"Pass19 Name Configs","pass19-style;pass19-tone;pass19-count","",""
"Planet Name Generator","planet-name-generator","Gaming & Fantasy Generators",false,"🟢 Production Ready",9,"Pass19 Name Configs","","",""
"Island Name Generator","island-name-generator","Gaming & Fantasy Generators",false,"🟢 Production Ready",9,"Pass19 Name Configs","pass19-style;pass19-tone;pass19-count","",""
"Shop Name Generator","shop-name-generator","Business & Brand Generators",false,"🟢 Production Ready",9,"Switch Case","shop-name-style","",""
"Cafe Name Generator","cafe-name-generator","Business & Brand Generators",false,"🟢 Production Ready",9,"Switch Case","cafe-name-style","",""
"Project Name Generator","project-name-generator","Business & Brand Generators",false,"🟢 Production Ready",9,"Switch Case","project-name-style","",""
"Stage Name Generator","stage-name-generator","Creative & Story Generators",false,"🟢 Production Ready",9,"Switch Case","stage-name-style","",""
"Wrestling Name Generator","wrestling-name-generator","Creative & Story Generators",false,"🟢 Production Ready",9,"Pass19 Name Configs","","",""
"Cool Text Generator","cool-text-generator","Font & Text Style Generators",true,"🟢 Production Ready",9,"Switch Case","","",""
"Old English Text Generator","old-english-text-generator","Font & Text Style Generators",false,"🟢 Production Ready",9,"Switch Case","","",""
"UwU Text Generator","uwu-text-generator","Font & Text Style Generators",false,"🟢 Production Ready",9,"Switch Case","","",""
"Leet Speak Generator","leet-text-generator","Font & Text Style Generators",false,"🟢 Production Ready",9,"Switch Case","","",""
"Random Text Generator","random-text-generator","Random Generators",false,"🟢 Production Ready",9,"Switch Case","","",""
"Discord Timestamp Generator","discord-timestamp-generator","Developer & Web Generators",false,"🟢 Production Ready",9,"Switch Case","discord-time-source;discord-include-relative","",""
"Canonical Tag Generator","canonical-tag-generator","SEO & Marketing Generators",false,"🟢 Production Ready",9,"Switch Case","canonical-query-policy;canonical-trailing-slash","",""
"UTM Link Generator","utm-generator","SEO & Marketing Generators",false,"🟢 Production Ready",9,"Switch Case","utm-source;utm-medium;utm-campaign;utm-term;utm-content","",""
"Gibberish Generator","gibberish-generator","Random Generators",false,"🟢 Production Ready",9,"Switch Case","","",""
"Shakespeare Insult Generator","shakespeare-insult-generator","Random Generators",false,"🟢 Production Ready",9,"Includes Check","humor-intensity;humor-context;humor-tone;humor-target-type;humor-variant;humor-count;humor-safe-mode;humor-avoid-list;humor-softer","",""
"TikTok Name Generator","tiktok-name-generator","Creative & Story Generators",false,"🟢 Production Ready",9,"Switch Case","","",""
"Instagram Name Generator","instagram-name-generator","Creative & Story Generators",false,"🟢 Production Ready",9,"Switch Case","","",""
"Couple Name Generator","couple-name-generator","Name Generators",false,"🟢 Production Ready",9,"Pass19 Name Configs","pass19-style;pass19-tone;pass19-count","",""
"Dwarf Name Generator","dwarf-name-generator","Gaming & Fantasy Generators",false,"🟢 Production Ready",9,"Switch Case","","",""
"Tiefling Name Generator","tiefling-name-generator","Gaming & Fantasy Generators",false,"🟢 Production Ready",9,"Switch Case","","",""
"School Name Generator","school-name-generator","Gaming & Fantasy Generators",false,"🟢 Production Ready",9,"Pass19 Name Configs","","",""
"Street Name Generator","street-name-generator","Gaming & Fantasy Generators",false,"🟢 Production Ready",9,"Pass19 Name Configs","","",""
"Book Club Name Generator","book-club-name-generator","Creative & Story Generators",false,"🟢 Production Ready",9,"Switch Case","book-club-name-style","",""
"SEO Title Generator","seo-title-generator","SEO & Marketing Generators",false,"🟢 Production Ready",9,"Switch Case","seo-title-intent;seo-title-include-year","",""
"Pinterest Tag Generator","pinterest-tag-generator","Social Media & Tag Generators",false,"🟢 Production Ready",10,"Switch Case","tag-content-type;tag-strategy;pin-season;pin-destination;tag-count","","Production ready. Verified pin intents, keyword strategy constraints, seasons, destinations, and section sizes."
"SoundCloud Tag Generator","soundcloud-tag-generator","Social Media & Tag Generators",false,"🟢 Production Ready",10,"Switch Case","soundcloud-tag-style;soundcloud-track-type;soundcloud-genre;soundcloud-mood;soundcloud-vocal;soundcloud-release-context","","Production ready. Verified output sections, tracks types, genres, moods, vocal context, and release environments."
"Comeback Generator","comeback-generator","Random Generators",false,"🟢 Production Ready",9,"Includes Check","comeback-situation;humor-intensity;humor-tone;humor-target-type;comeback-boundary-style;comeback-deescalation;humor-variant;humor-count;humor-safe-mode;humor-avoid-list;humor-softer","",""
"Error Message Generator","error-message-generator","Developer & Web Generators",false,"🟢 Production Ready",9,"Switch Case","error-severity;error-tone;error-action","",""
"Cipher Generator","cipher-generator","Developer & Web Generators",false,"🟢 Production Ready",10,"Switch Case","cipher-type;cipher-mode;cipher-shift","","Production ready. Verified Caesar shifts, ROT13, and Atbash alphabet reversal with proper HTML result grids."
"Repeat Text Generator","repeat-text-generator","Utility Generators",false,"🟢 Production Ready",10,"Switch Case","repeat-count;repeat-separator","","Production ready. Verified counts, line/comma/space separators, and numbered line generators."
"Magic Name Generator","magic-name-generator","Gaming & Fantasy Generators",false,"🟢 Production Ready",9,"Pass19 Name Configs","","",""
"Angel Name Generator","angel-name-generator","Gaming & Fantasy Generators",false,"🟢 Production Ready",9,"Switch Case","","",""
"Tavern Name Generator","tavern-name-generator","Gaming & Fantasy Generators",false,"🟢 Production Ready",9,"Pass19 Name Configs","","",""
"Dungeon Name Generator","dungeon-name-generator","Gaming & Fantasy Generators",false,"🟢 Production Ready",9,"Pass19 Name Configs","","",""
"Cat Name Generator","cat-name-generator","Name Generators",false,"🟢 Production Ready",9,"Pass19 Name Configs","","",""
"Horse Name Generator","horse-name-generator","Name Generators",false,"🟢 Production Ready",9,"Pass19 Name Configs","","",""
"Twitter/X Name Generator","twitter-name-generator","Creative & Story Generators",false,"🟢 Production Ready",9,"Switch Case","","",""
"Snapchat Name Generator","snapchat-name-generator","Creative & Story Generators",false,"🟢 Production Ready",9,"Pass19 Name Configs","","",""
"LinkedIn Headline Generator","linkedin-headline-generator","Bio & Caption Generators",false,"🟢 Production Ready",9,"Switch Case","linkedin-headline-style","",""
"Bio Generator","bio-generator","Bio & Caption Generators",false,"🟢 Production Ready",9,"Switch Case","","",""
"Slogan Generator","slogan-generator","Business & Brand Generators",false,"🟢 Production Ready",10,"Switch Case","slogan-tone;slogan-use","","Production ready. Implemented tone and use case routing to categorize brand positionings and campaign slogans."
"WiFi Name Generator","wifi-name-generator","Random Generators",false,"🟢 Production Ready",9,"Switch Case","","",""
"Color Name Generator","color-name-generator","Developer & Web Generators",false,"🟢 Production Ready",9,"Switch Case","color-name-style;color-name-count","",""
"Hex Color Generator","hex-color-generator","Developer & Web Generators",false,"🟢 Production Ready",9,"Switch Case","hex-color-mode;hex-color-count","",""
"RGB Color Generator","rgb-generator","Developer & Web Generators",false,"🟢 Production Ready",9,"Switch Case","rgb-range;rgb-count","",""
"AI Prompt Generator","ai-prompt-generator","AI Text & Writing Generators",true,"🟢 Production Ready",9,"Switch Case","ai-prompt-task;ai-prompt-detail;ai-prompt-format;ai-prompt-followup","",""
"Midjourney Prompt Generator","midjourney-prompt-generator","AI Text & Writing Generators",false,"🟢 Production Ready",10,"Switch Case","mj-purpose;mj-subject-type;mj-style;mj-mood;mj-lighting;mj-composition;mj-aspect;mj-detail-level;mj-output-format;mj-safety-level;mj-negative;mj-commercial-caution","","Production ready. Wired all 12 options for target parameters, detailed styles, aspect ratios, safety checklists, and negative prompts."
"Passphrase Generator","passphrase-generator","Utility Generators",false,"🟢 Production Ready",9,"Switch Case","","",""
"PIN Generator","pin-generator","Utility Generators",false,"🟢 Production Ready",9,"Switch Case","","",""
"API Key Generator","api-key-generator","Developer & Web Generators",false,"🟢 Production Ready",9,"Switch Case","","",""
"Privacy Policy Generator","privacy-policy-generator","SEO & Marketing Generators",true,"🟢 Production Ready",10,"Switch Case","privacy-business-type;privacy-region;privacy-data-scope;policy-cookies;policy-analytics;policy-ads;privacy-children","","Production ready. Wired business types, primary regions, data scopes, cookie policies, and children COPPA notes."
"Terms and Conditions Generator","terms-generator","SEO & Marketing Generators",false,"🟢 Production Ready",10,"Switch Case","terms-mode;terms-region;terms-business-model;terms-accounts;terms-payments;terms-user-content;terms-acceptable-use","","Production ready. Consolidated terms, wired regions/business models/user contents, and removed duplicate implementation blocks."
"Cookie Policy Generator","cookie-policy-generator","SEO & Marketing Generators",false,"🟢 Production Ready",10,"Switch Case","cookie-stack;cookie-region;cookie-control;cookie-third-parties;cookie-consent-review","","Production ready. Implemented cookie stacks, regions, opt-out controls, third-party warnings, and consent notes in beautiful suites."
"Disclaimer Generator","disclaimer-generator","SEO & Marketing Generators",false,"🟢 Production Ready",10,"Switch Case","disclaimer-content-type;disclaimer-region;disclaimer-risk;disclaimer-external-links;disclaimer-affiliates;disclaimer-no-professional-advice","","Production ready. Wired content types, regions, topic risk levels, external links, affiliates, and professional advice notices."
"Open Graph Tag Generator","open-graph-generator","SEO & Marketing Generators",false,"🟢 Production Ready",9,"Switch Case","og-type;og-site-name;og-image","",""
"Twitter Card Generator","twitter-card-generator","SEO & Marketing Generators",false,"🟢 Production Ready",9,"Switch Case","twitter-card-type;twitter-site;twitter-creator;twitter-image","",""
"YouTube Description Generator","youtube-description-generator","Bio & Caption Generators",false,"🟢 Production Ready",9,"Switch Case","video-style;include-timestamps","",""
"TikTok Caption Generator","tiktok-caption-generator","Bio & Caption Generators",false,"🟢 Production Ready",9,"Switch Case","tiktok-video-type;tiktok-cta","",""
"CSS Button Generator","css-button-generator","Developer & Web Generators",false,"🟢 Production Ready",9,"Switch Case","button-size;button-radius;button-gradient","",""
"CSS Box Shadow Generator","box-shadow-generator","Developer & Web Generators",false,"🟢 Production Ready",9,"Switch Case","shadow-preset;shadow-color;shadow-opacity","",""
"CSS Border Radius Generator","border-radius-generator","Developer & Web Generators",false,"🟢 Production Ready",9,"Switch Case","radius-preset;radius-size","",""
"Regex Generator","regex-generator","Developer & Web Generators",false,"🟢 Production Ready",9,"Switch Case","regex-mode;regex-case-insensitive","",""
"Cron Expression Generator","cron-expression-generator","Developer & Web Generators",false,"🟢 Production Ready",9,"Switch Case","cron-preset","",""
"Random Letter Generator","random-letter-generator","Random Generators",false,"🟢 Production Ready",9,"Switch Case","letter-count;letter-case;letter-unique","",""
"Random Question Generator","random-question-generator","Random Generators",false,"🟢 Production Ready",9,"Switch Case","question-mix;question-level;question-count","",""
"Truth or Dare Generator","truth-or-dare-generator","Random Generators",false,"🟢 Production Ready",9,"Switch Case","","",""
"Would You Rather Generator","would-you-rather-generator","Random Generators",false,"🟢 Production Ready",9,"Switch Case","","",""
"Joke Generator","joke-generator","Random Generators",true,"🟢 Production Ready",9,"Switch Case","","",""
"Compliment Generator","compliment-generator","Random Generators",false,"🟢 Production Ready",9,"Switch Case","","",""
"Email Signature Generator","email-signature-generator","Business & Brand Generators",false,"🟢 Production Ready",9,"Switch Case","signature-layout;signature-role;signature-include-html;signature-include-socials","",""
"CSS Gradient Generator","gradient-generator","Developer & Web Generators",true,"🟢 Production Ready",9,"Switch Case","gradient-type;gradient-direction;gradient-stops","",""
"Font Pairing Generator","font-pairing-generator","Developer & Web Generators",false,"🟢 Production Ready",9,"Switch Case","font-pairing-mood","",""
"Blog Outline Generator","blog-outline-generator","AI Text & Writing Generators",false,"🟢 Production Ready",9,"Switch Case","search-intent;article-length","",""
"Cold Email Generator","cold-email-generator","AI Text & Writing Generators",false,"🟢 Production Ready",9,"Switch Case","email-purpose;email-tone","",""
"Cover Letter Generator","cover-letter-generator","AI Text & Writing Generators",false,"🟢 Production Ready",9,"Switch Case","letter-tone;experience-level","",""
"Resume Summary Generator","resume-summary-generator","AI Text & Writing Generators",false,"🟢 Production Ready",9,"Switch Case","resume-seniority;resume-tone","",""
"Ad Copy Generator","ad-copy-generator","AI Text & Writing Generators",false,"🟢 Production Ready",9,"Switch Case","ad-platform;ad-objective;ad-tone","",""
"Call to Action Generator","call-to-action-generator","AI Text & Writing Generators",false,"🟢 Production Ready",9,"Switch Case","cta-goal;cta-intensity","",""
"Product Description Generator","product-description-generator","AI Text & Writing Generators",false,"🟢 Production Ready",9,"Switch Case","product-marketplace;product-tone;benefit-focus","",""
"Random Emoji Generator","random-emoji-generator","Random Generators",false,"🟢 Production Ready",9,"Switch Case","","",""
"Random Country Generator","random-country-generator","Random Generators",false,"🟢 Production Ready",9,"Switch Case","","",""
"Random Date Generator","random-date-generator","Random Generators",false,"🟢 Production Ready",9,"Switch Case","","",""
"Random Choice Generator","random-choice-generator","Random Generators",false,"🟢 Production Ready",10,"Switch Case","choice-mode;choice-include-alternates","","Production ready. Added support for comma or newline splitting, implemented cryptographically secure shuffling using WebCrypto getRandomValues with fallback."
"Game Idea Generator","game-idea-generator","Gaming & Fantasy Generators",false,"🟢 Production Ready",9,"Switch Case","game-idea-genre;game-platform;game-scope;game-player-count;game-tone;game-prototype","",""
"RPG Character Generator","rpg-character-generator","Gaming & Fantasy Generators",false,"🟢 Production Ready",9,"Switch Case","rpg-character-role;rpg-party-role;rpg-roleplay-prompts","",""
"NPC Generator","npc-generator","Gaming & Fantasy Generators",false,"🟢 Production Ready",9,"Switch Case","npc-role;npc-setting;npc-secret","",""
"Quest Generator","quest-generator","Gaming & Fantasy Generators",false,"🟢 Production Ready",9,"Switch Case","quest-type;quest-scope;quest-clues;quest-rewards","",""
"Story Plot Generator","story-plot-generator","Creative & Story Generators",false,"🟢 Production Ready",9,"Switch Case","story-plot-genre;story-plot-tone;story-plot-twist","",""
"Riddle Generator","riddle-generator","Random Generators",false,"🟢 Production Ready",9,"Switch Case","","",""
"Icebreaker Generator","icebreaker-generator","Random Generators",false,"🟢 Production Ready",9,"Switch Case","","",""
"Product Title Generator","product-title-generator","Business & Brand Generators",false,"🟢 Production Ready",9,"Switch Case","title-marketplace;title-benefit-focus;title-style","",""
"SKU Generator","sku-generator","Business & Brand Generators",false,"🟢 Production Ready",9,"Switch Case","sku-format","",""
"Testimonial Generator","testimonial-generator","AI Text & Writing Generators",false,"🟢 Production Ready",9,"Switch Case","","",""
"Keyword Generator","keyword-generator","SEO & Marketing Generators",false,"🟢 Production Ready",10,"Switch Case","keyword-local-modifier","","Production ready. Verified option mapping for local search term modifiers."
"FAQ Generator","faq-generator","SEO & Marketing Generators",false,"🟢 Production Ready",9,"Switch Case","faq-audience;faq-tone","",""
"License Key Generator","license-key-generator","Developer & Web Generators",false,"🟢 Production Ready",9,"Switch Case","","",""
"Recovery Code Generator","recovery-code-generator","Developer & Web Generators",false,"🟢 Production Ready",9,"Switch Case","","",""
"Coupon Code Generator","coupon-code-generator","Business & Brand Generators",false,"🟢 Production Ready",9,"Switch Case","coupon-code-style","",""
"Barcode Text Generator","barcode-generator","Developer & Web Generators",false,"🟢 Production Ready",10,"Switch Case","barcode-type;barcode-label","","Production ready. Verified that barcode types and human-readable label check options are fully wired."
"Refund Policy Generator","refund-policy-generator","SEO & Marketing Generators",false,"🟢 Production Ready",10,"Switch Case","refund-business-type;refund-region;refund-window;refund-remedy;refund-returns;refund-digital-exception;refund-damaged-items","","Production ready. Wired business types, primary regions, refund windows, remedies, return rules, digital product exceptions, and defective product workflows."
"Shipping Policy Generator","shipping-policy-generator","SEO & Marketing Generators",false,"🟢 Production Ready",10,"Switch Case","policy-store-type;policy-region;shipping-zones;processing-time;shipping-costs;shipping-carrier-options;shipping-international;shipping-customs-taxes;shipping-delivery-estimate;shipping-issue-workflow;policy-include-damaged;policy-marketplace-sales","","Production ready. Verified store types, shipping regions, zones, processing durations, and carrier preferences."
"Affiliate Disclosure Generator","affiliate-disclosure-generator","SEO & Marketing Generators",false,"🟢 Production Ready",10,"Switch Case","affiliate-channel;affiliate-region;affiliate-relationship;affiliate-placement;affiliate-amazon-note;affiliate-review-integrity","","Production ready. Integrated channels, primary regions, relationships, placements, Amazon notes, and trust/review integrity disclaimers."
"Invoice Generator","invoice-generator","Business & Brand Generators",false,"🟢 Production Ready",10,"Switch Case","invoice-type;invoice-currency;invoice-tax-rate;invoice-line-count;payment-terms;invoice-include-tax-note;invoice-include-late-note","","Production ready. Implemented dynamic line item counts, currency symbols, invoice types, tax disclaimers, and late payment penalty terms."
"Meeting Agenda Generator","meeting-agenda-generator","Business & Brand Generators",false,"🟢 Production Ready",9,"Switch Case","meeting-type;meeting-duration;meeting-include-prep;meeting-include-actions","",""
"Citation Generator","citation-generator","AI Text & Writing Generators",true,"🟢 Production Ready",9,"Switch Case","citation-source-type;citation-style","",""
"LinkedIn Post Generator","linkedin-post-generator","Bio & Caption Generators",false,"🟢 Production Ready",9,"Switch Case","linkedin-post-format","",""
"Facebook Post Generator","facebook-post-generator","Bio & Caption Generators",false,"🟠 Partially Implemented",4,"Switch Case","facebook-tone;facebook-goal","","Returns a placeholder / static ""coming soon"" message."
"Headline Generator","headline-generator","AI Text & Writing Generators",false,"🟢 Production Ready",9,"Switch Case","headline-channel;headline-tone","",""
"Meme Text Generator","meme-text-generator","Creative & Story Generators",false,"🟢 Production Ready",10,"Switch Case","pass19-style;pass19-tone","","Production ready. Wired meme mode and tone selections, filtering templates into distinct caption options."
"Startup Name Generator","startup-name-generator","Business & Brand Generators",false,"🟢 Production Ready",9,"Switch Case","startup-name-style","",""
"Photography Business Name Generator","photography-name-generator","Business & Brand Generators",false,"🟢 Production Ready",9,"Switch Case","photography-name-style","",""
"Art Name Generator","art-name-generator","Creative & Story Generators",false,"🟢 Production Ready",9,"Switch Case","art-name-style","",""
"Avatar Name Generator","avatar-name-generator","Gaming & Fantasy Generators",false,"🟢 Production Ready",9,"Pass19 Name Configs","","",""
"Video Game Name Generator","video-game-name-generator","Gaming & Fantasy Generators",false,"🟢 Production Ready",9,"Pass19 Name Configs","","",""
"Text Summary Generator","text-summary-generator","Utility Generators",false,"🟢 Production Ready",10,"Switch Case","summary-format;summary-audience;summary-include-actions;summary-include-questions","","Production ready. Verified that summary layouts filter and format text properly."
"Typography Generator","typography-generator","Font & Text Style Generators",false,"🟢 Production Ready",10,"Switch Case","type-base-size;type-ratio;type-prefix","","Production ready. Verified base size scale calculations, prefix tokens, and line height settings."
"Word Art Generator","wordart-generator","Font & Text Style Generators",false,"🟢 Production Ready",9,"Switch Case","","",""
"Social Media Post Generator","social-media-post-generator","Bio & Caption Generators",false,"🟢 Production Ready",9,"Switch Case","social-platform;social-goal","",""
"Email Subject Line Generator","email-subject-generator","AI Text & Writing Generators",false,"🟢 Production Ready",10,"Switch Case","email-type;subject-tone","","Production ready. Wired email categories and tone options to construct tailored email subjects."
"Drag Queen Name Generator","drag-name-generator","Creative & Story Generators",false,"🟢 Production Ready",9,"Pass19 Name Configs","pass19-style;pass19-tone;pass19-count","",""
"Gamertag Generator","gamertag-generator","Gaming & Fantasy Generators",false,"🟢 Production Ready",9,"Pass19 Name Configs","","",""
"Dragonborn Name Generator","dragonborn-name-generator","Gaming & Fantasy Generators",false,"🟢 Production Ready",9,"Switch Case","","",""
"Email Address Name Generator","email-name-generator","Business & Brand Generators",false,"🟢 Production Ready",9,"Switch Case","email-name-style","",""
"Synonym Generator","synonym-generator","AI Text & Writing Generators",false,"🟢 Production Ready",9,"Switch Case","synonym-tone;synonym-context;synonym-examples","",""
"Footnote Generator","footnote-generator","AI Text & Writing Generators",false,"🟢 Production Ready",9,"Switch Case","footnote-style;footnote-source-type;footnote-include-bibliography","",""
"ALL CAPS Generator","all-caps-generator","Font & Text Style Generators",false,"🟢 Production Ready",10,"Switch Case","caps-preserve-lines;caps-normalize-spacing","","Production ready. Verified that both line-preservation and space-normalization options are fully wired."
"Lowercase Generator","lowercase-generator","Font & Text Style Generators",false,"🟢 Production Ready",9,"Switch Case","","",""
"Corporate Speak Generator","corporate-speak-generator","Random Generators",false,"🟢 Production Ready",9,"Switch Case","","",""
"Random Word Generator","random-word-generator","Random Generators",true,"🟢 Production Ready",9,"Switch Case","","",""
"Dialogue Tag Generator","dialogue-tag-generator","AI Text & Writing Generators",false,"🟢 Production Ready",9,"Switch Case","dialogue-tag-style","",""
"Name Tag Generator","name-tag-generator","Utility Generators",false,"🟢 Production Ready",9,"Switch Case","","",""
"Graffiti Text Generator","graffiti-text-generator","Font & Text Style Generators",false,"🟢 Production Ready",9,"Switch Case","","",""
"Tag Cloud Generator","tag-cloud-generator","SEO & Marketing Generators",false,"🟢 Production Ready",10,"Switch Case","cloud-max-tags;cloud-remove-stopwords;cloud-weighting","","Production ready. Implemented phrases mode with adjacent word-pair extraction and corrected tag limits."
"Blog Tag Generator","blog-tag-generator","SEO & Marketing Generators",false,"🟢 Production Ready",9,"Switch Case","blog-tag-cms;blog-tag-intent;blog-tag-count","",""
"Random Height Generator","random-height-generator","Random Generators",false,"🟢 Production Ready",9,"Switch Case","","",""
"Essay Title Generator","essay-title-generator","AI Text & Writing Generators",false,"🟢 Production Ready",9,"Switch Case","essay-title-type","",""
"AO3 Tag Generator","ao3-tag-generator","Creative & Story Generators",false,"🟢 Production Ready",9,"Switch Case","","",""
"Stable Diffusion Prompt Generator","stable-diffusion-prompt-generator","AI Text & Writing Generators",false,"🟢 Production Ready",10,"Switch Case","sd-purpose;sd-subject-type;sd-style;sd-mood;sd-lighting;sd-composition;sd-aspect;sd-detail-level;sd-output-format;sd-safety-level;sd-negative;sd-seed-note;sd-commercial-caution","","Production ready. Wired all 12 options for purposes, styles, lighting, negative prompts, safety disclaimers, and seed configurations."
"Character Prompt Generator","character-prompt-generator","Creative & Story Generators",false,"🟢 Production Ready",9,"Switch Case","character-prompt-tone;character-prompt-genre;character-prompt-role;character-prompt-complexity;character-prompt-scene","",""
"Content Brief Generator","content-brief-generator","AI Text & Writing Generators",false,"🟢 Production Ready",9,"Switch Case","brief-intent;brief-type","",""
"Press Release Generator","press-release-generator","AI Text & Writing Generators",false,"🟢 Production Ready",9,"Switch Case","press-release-type;press-release-tone;press-release-audience;press-release-quote-style;press-release-boilerplate;press-release-media-contact;press-release-review","",""
"Author Bio Generator","author-bio-generator","Bio & Caption Generators",false,"🟢 Production Ready",9,"Switch Case","bio-perspective;author-tone","",""
"X/Twitter Post Generator","x-post-generator","Bio & Caption Generators",false,"🟢 Production Ready",10,"Switch Case","x-post-format;x-post-tone;x-post-audience;x-post-cta","","Production ready. Verified all formats, tones, audiences, and calls to action are fully supported."
"Viral Hook Generator","viral-hook-generator","AI Text & Writing Generators",false,"🟢 Production Ready",9,"Switch Case","viral-hook-style;viral-hook-platform;viral-hook-content-type;viral-hook-intensity;viral-hook-safety","",""
"Content Calendar Generator","content-calendar-generator","SEO & Marketing Generators",false,"🟢 Production Ready",9,"Switch Case","","",""
"Tagline Generator","tagline-generator","Business & Brand Generators",false,"🟢 Production Ready",9,"Switch Case","tagline-style;tagline-length","",""
"CSS Text Shadow Generator","text-shadow-generator","Developer & Web Generators",false,"🟢 Production Ready",9,"Switch Case","text-shadow-preset;text-shadow-color","",""
"CSS Grid Generator","css-grid-generator","Developer & Web Generators",false,"🟢 Production Ready",9,"Switch Case","grid-columns;grid-rows;grid-gap;grid-auto-fit","",""
"CSS Flexbox Generator","flexbox-generator","Developer & Web Generators",false,"🟢 Production Ready",9,"Switch Case","flex-direction;flex-justify;flex-align;flex-gap;flex-wrap","",""
"HTML Table Generator","html-table-generator","Developer & Web Generators",false,"🟢 Production Ready",9,"Switch Case","table-rows;table-columns;table-header;table-striped;table-border","",""
"Dummy Data Generator","dummy-data-generator","Developer & Web Generators",true,"🟢 Production Ready",9,"Switch Case","dummy-dataset;dummy-rows;dummy-format","",""
"Random Address Generator","random-address-generator","Random Generators",false,"🟢 Production Ready",9,"Switch Case","","",""
"Raffle Generator","raffle-generator","Random Generators",false,"🟢 Production Ready",9,"Switch Case","raffle-winners;raffle-alternates;raffle-dedupe;raffle-purpose","",""
"Giveaway Winner Generator","giveaway-generator","Random Generators",false,"🟢 Production Ready",9,"Switch Case","","",""
"Character Backstory Generator","character-backstory-generator","Creative & Story Generators",false,"🟢 Production Ready",9,"Switch Case","backstory-focus;backstory-depth;backstory-role","",""
"Worldbuilding Generator","worldbuilding-generator","Creative & Story Generators",false,"🟢 Production Ready",9,"Switch Case","world-genre;world-scale;world-tech-level;world-conflicts","",""
"Roast Generator","roast-generator","Random Generators",false,"🟢 Production Ready",9,"Includes Check","humor-intensity;humor-context;humor-tone;humor-target-type;roast-safe-topic;roast-off-limits;roast-event-type;humor-variant;humor-count;humor-safe-mode;humor-avoid-list;humor-softer","",""
"Quiz Question Generator","quiz-generator","AI Text & Writing Generators",false,"🟢 Production Ready",9,"Switch Case","quiz-mode;quiz-difficulty;quiz-count;quiz-explanations","",""
"Thesis Statement Generator","thesis-statement-generator","AI Text & Writing Generators",false,"🟢 Production Ready",9,"Switch Case","thesis-essay-type;thesis-stance;thesis-level;thesis-include-counterargument","",""
"Landing Page Copy Generator","landing-page-copy-generator","AI Text & Writing Generators",false,"🟢 Production Ready",9,"Switch Case","landing-page-goal;landing-funnel-stage;landing-tone","",""
"JSON Schema Generator","json-schema-generator","Developer & Web Generators",false,"🟢 Production Ready",9,"Switch Case","json-schema-mode;json-schema-strict;json-schema-examples","",""
"TypeScript Type Generator","typescript-type-generator","Developer & Web Generators",false,"🟢 Production Ready",9,"Switch Case","ts-style;ts-root-name;ts-optional-fields;ts-readonly","",""
"SQL Query Generator","sql-query-generator","Developer & Web Generators",false,"🟢 Production Ready",9,"Switch Case","sql-query-type;sql-columns;sql-limit","",""
".htaccess Generator","htaccess-generator","Developer & Web Generators",false,"🟢 Production Ready",9,"Switch Case","htaccess-https;htaccess-www;htaccess-cache","",""
"PWA Manifest Generator","pwa-manifest-generator","Developer & Web Generators",false,"🟢 Production Ready",9,"Switch Case","pwa-display;pwa-theme-color;pwa-background-color","",""
"HTML Form Generator","form-generator","Developer & Web Generators",false,"🟢 Production Ready",9,"Switch Case","form-purpose;form-method","",""
"JWT Token Generator","jwt-generator","Developer & Web Generators",false,"🟢 Production Ready",9,"Switch Case","","",""
"Random ID Generator","random-id-generator","Developer & Web Generators",false,"🟢 Production Ready",9,"Switch Case","","",""
"Flashcard Generator","flashcard-generator","AI Text & Writing Generators",false,"🟢 Production Ready",9,"Switch Case","flashcard-count;flashcard-style;flashcard-difficulty;flashcard-study-tips","",""
"Study Plan Generator","study-plan-generator","AI Text & Writing Generators",false,"🟢 Production Ready",9,"Switch Case","study-timeline;study-intensity;study-goal-type","",""
"Lesson Plan Generator","lesson-plan-generator","AI Text & Writing Generators",false,"🟢 Production Ready",9,"Switch Case","lesson-level;lesson-time;lesson-format","",""
"Research Question Generator","research-question-generator","AI Text & Writing Generators",false,"🟢 Production Ready",9,"Switch Case","research-discipline;research-level;research-method;research-include-hypothesis","",""
"Bibliography Generator","bibliography-generator","AI Text & Writing Generators",false,"🟢 Production Ready",9,"Switch Case","bibliography-style;bibliography-source-type;bibliography-include-annotations","",""
"Essay Topic Generator","essay-topic-generator","AI Text & Writing Generators",false,"🟢 Production Ready",9,"Switch Case","essay-subject;essay-type;essay-level;essay-difficulty","",""
"Multiple Choice Question Generator","multiple-choice-generator","AI Text & Writing Generators",false,"🟢 Production Ready",9,"Switch Case","mcq-level;mcq-difficulty;mcq-count;mcq-include-explanations","",""
"Product Bullet Points Generator","product-bullet-points-generator","Business & Brand Generators",false,"🟢 Production Ready",9,"Switch Case","bullet-platform;bullet-focus;bullet-count","",""
"Amazon Listing Generator","amazon-listing-generator","Business & Brand Generators",false,"🟢 Production Ready",9,"Switch Case","amazon-category;amazon-benefit-focus;amazon-tone","",""
"Etsy Listing Generator","etsy-listing-generator","Business & Brand Generators",false,"🟢 Production Ready",9,"Switch Case","etsy-product-type;etsy-shop-vibe;etsy-tag-count","",""
"Customer Persona Generator","customer-persona-generator","Business & Brand Generators",false,"🟢 Production Ready",9,"Switch Case","persona-type;awareness-level","",""
"Responsible YouTube Hook Generator","youtube-hook-generator","Bio & Caption Generators",false,"🟢 Production Ready",9,"Switch Case","youtube-hook-style","",""
"LinkedIn Summary Generator","linkedin-summary-generator","Bio & Caption Generators",false,"🟢 Production Ready",9,"Switch Case","linkedin-summary-style","",""
"Sales Email Generator","sales-email-generator","AI Text & Writing Generators",false,"🟢 Production Ready",9,"Switch Case","sales-email-temperature;sales-email-cta;sales-email-tone","",""
"Follow-Up Email Generator","follow-up-email-generator","AI Text & Writing Generators",false,"🟢 Production Ready",9,"Switch Case","follow-up-scenario;follow-up-tone;follow-up-length;follow-up-cta","",""
"Image Alt Text Generator","image-alt-text-generator","SEO & Marketing Generators",false,"🟢 Production Ready",9,"Switch Case","alt-context;alt-detail","",""
"Video Prompt Generator","video-prompt-generator","Creative & Story Generators",false,"🟢 Production Ready",9,"Switch Case","video-format;video-platform;video-length;video-tone;video-audience;video-cta","",""
"Productivity Prompt Generator","productivity-prompt-generator","AI Text & Writing Generators",false,"🟢 Production Ready",9,"Switch Case","productivity-prompt-mode;productivity-horizon;productivity-role;productivity-output","",""
"Brand Kit Generator","brand-kit-generator","Business & Brand Generators",false,"🟢 Production Ready",9,"Switch Case","brand-mood;brand-type;font-direction","",""
"Random List Generator","random-list-generator","Random Generators",false,"🟢 Production Ready",10,"Switch Case","random-list-quantity;random-list-dedupe","","Production ready. Wired dynamic list counts, comma/newline split modes, and implemented secure WebCrypto-based shuffling."
"Random Color Generator","random-color-generator","Random Generators",false,"🟢 Production Ready",9,"Switch Case","random-color-mode;random-color-count","",""
"D&D Character Generator","dnd-character-generator","Gaming & Fantasy Generators",true,"🟢 Production Ready",9,"Switch Case","","",""
"Dungeon Generator","dungeon-generator","Gaming & Fantasy Generators",false,"🟢 Production Ready",9,"Switch Case","","",""
"Worksheet Generator","worksheet-generator","AI Text & Writing Generators",false,"🟢 Production Ready",9,"Switch Case","worksheet-level;worksheet-type;worksheet-difficulty;worksheet-include-answer-key","",""
"Rubric Generator","rubric-generator","AI Text & Writing Generators",false,"🟢 Production Ready",9,"Switch Case","rubric-level;rubric-criteria-count;rubric-scale;rubric-include-feedback","",""
"Assignment Generator","assignment-generator","AI Text & Writing Generators",false,"🟢 Production Ready",9,"Switch Case","assignment-subject;assignment-level;assignment-type;assignment-duration;assignment-include-rubric","",""
"GraphQL Query Generator","graphql-query-generator","Developer & Web Generators",false,"🟢 Production Ready",9,"Switch Case","graphql-operation;graphql-fields","",""
"Mock API Generator","mock-api-generator","Developer & Web Generators",false,"🟢 Production Ready",9,"Switch Case","mock-method;mock-count;mock-fields","",""
"Wheel Spinner Generator","wheel-spinner-generator","Random Generators",false,"🟢 Production Ready",10,"Switch Case","wheel-spin-count;wheel-remove-winner;wheel-unique","","Production ready. Verified that spin count, winner deductions, unique filtering, and secure WebCrypto shuffling are fully wired."
"Product Benefits Generator","product-benefits-generator","Business & Brand Generators",false,"🟢 Production Ready",9,"Switch Case","benefits-angle;benefits-stage;benefits-count","",""
"CSS Pattern Generator","pattern-generator","Developer & Web Generators",false,"🟢 Production Ready",9,"Switch Case","pattern-style;pattern-color;pattern-background;pattern-size","",""
"CSS Blob Generator","blob-generator","Developer & Web Generators",false,"🟢 Production Ready",9,"Switch Case","blob-style;blob-fill;blob-size","",""
"CSS Wave Generator","wave-generator","Developer & Web Generators",false,"🟢 Production Ready",9,"Switch Case","wave-amplitude;wave-layers;wave-fill","",""
"Viking Name Generator","viking-name-generator","Gaming & Fantasy Generators",false,"🟢 Production Ready",9,"Pass19 Name Configs","","",""
"Wizard Name Generator","wizard-name-generator","Gaming & Fantasy Generators",false,"🟢 Production Ready",9,"Pass19 Name Configs","","",""
"Villain Name Generator","villain-name-generator","Gaming & Fantasy Generators",false,"🟢 Production Ready",10,"Pass19 Name Configs","villain-style","","Production ready. Implemented villain style name banks and rendered output in structured card grids using renderGroupedIdeas."
"Werewolf Name Generator","werewolf-name-generator","Gaming & Fantasy Generators",false,"🟢 Production Ready",9,"Switch Case","","",""
"Japanese Name Generator","japanese-name-generator","Name Generators",false,"🟢 Production Ready",9,"Pass19 Name Configs","","",""
"Korean Name Generator","korean-name-generator","Name Generators",false,"🟢 Production Ready",9,"Pass19 Name Configs","","",""
"City Name Generator","city-name-generator","Gaming & Fantasy Generators",false,"🟢 Production Ready",9,"Pass19 Name Configs","","",""
"Restaurant Name Generator","restaurant-name-generator","Business & Brand Generators",false,"🟢 Production Ready",9,"Switch Case","restaurant-name-style","",""
"Coffee Shop Name Generator","coffee-shop-name-generator","Business & Brand Generators",false,"🟢 Production Ready",9,"Switch Case","coffee-shop-name-style","",""
"Album Name Generator","album-name-generator","Creative & Story Generators",false,"🟢 Production Ready",9,"Switch Case","album-name-style","",""
"Book Name Generator","book-name-generator","Creative & Story Generators",false,"🟢 Production Ready",9,"Switch Case","book-name-style","",""
"Movie Name Generator","movie-name-generator","Creative & Story Generators",false,"🟢 Production Ready",9,"Switch Case","movie-name-style","",""
"Receipt Generator","receipt-generator","Business & Brand Generators",false,"🟢 Production Ready",10,"Switch Case","receipt-business-type;receipt-currency;receipt-payment-method;receipt-item-count;receipt-include-policy;receipt-include-verification","","Production ready. Wired payment methods, verification checklists, currency symbols, and dynamic line items."
"NDA Generator","nda-generator","Utility Generators",false,"🟢 Production Ready",10,"Includes Check","pass29-style","","Production ready. Implemented case block and wired options for overview, scope, terms, and safety checklists in section suites."
"Newsletter Name Generator","newsletter-name-generator","Business Generators",false,"🟢 Production Ready",9,"Switch Case","industry;tone","",""
"Price Tag Generator","price-tag-generator","Utility Generators",false,"🟢 Production Ready",9,"Switch Case","currency;layout;include-barcode","",""
"Product Tag Generator","product-tag-generator","Utility Generators",false,"🟢 Production Ready",9,"Switch Case","tag-style;product-category;include-price;include-care-note","",""
"Clothing Tag Generator","clothing-tag-generator","Utility Generators",false,"🟢 Production Ready",9,"Switch Case","garment-type;language;clothing-tag-style;include-care-symbols","",""
"Minutes Of Meeting Generator","minutes-of-meeting-generator","Business Generators",false,"🟢 Production Ready",9,"Switch Case","mom-style;mom-detail-level;mom-include-actions;mom-include-follow-up","",""
"Event Name Generator","event-name-generator","Business Generators",false,"🟢 Production Ready",9,"Switch Case","event-type;vibe","",""
"College Name Generator","college-name-generator","Creative & Story Generators",false,"🟢 Production Ready",10,"Pass19 Name Configs","institution-type;prestige-level","","Production ready. Aligned prestige level naming lists and rendered output in structured cards using renderGroupedIdeas."
"Diner Name Generator","diner-name-generator","Business Generators",false,"🟢 Production Ready",9,"Switch Case","diner-name-style","",""
"Flower Name Generator","flower-name-generator","Creative & Story Generators",false,"🟢 Production Ready",9,"Switch Case","flower-name-style","",""
"Newspaper Name Generator","newspaper-name-generator","Creative & Story Generators",false,"🟢 Production Ready",9,"Switch Case","newspaper-name-style","",""
"Plant Name Generator","plant-name-generator","Creative & Story Generators",false,"🟢 Production Ready",9,"Switch Case","plant-name-style","",""
"Sibling Name Generator","sibling-name-generator","Human Name Generators",false,"🟡 Needs Polish",7,"Pass19 Name Configs","matching-style;target-gender","matching-style;target-gender","Ignores configured options: matching-style, target-gender."
"Pick A Name Generator","pick-a-name-generator","Utility Generators",false,"🟡 Needs Polish",7,"Switch Case","picker-mode;picker-backups;animation;remove-selected","animation","Ignores configured options: animation."
"Name Generator Wheel","name-generator-wheel","Utility Generators",false,"🟢 Production Ready",9,"Switch Case","wheel-mode;wheel-theme;sound-effects;remove-selected-names","",""
"Cake Company Names Generator","cake-company-names-generator","Business Generators",false,"🟢 Production Ready",9,"Switch Case","cake-company-style","",""
"Car Name Generator","car-name-generator","Creative & Story Generators",false,"🟢 Production Ready",9,"Switch Case","car-name-style","",""
"Title Name Generator","title-name-generator","Creative & Story Generators",false,"🟢 Production Ready",9,"Switch Case","title-name-style","",""
"Geo Tag Generator","geo-tag-generator","Utility Generators",false,"🟢 Production Ready",9,"Switch Case","format","",""
"Pet Tag Generator","pet-tag-generator","Utility Generators",false,"🟢 Production Ready",9,"Switch Case","pet-tag-style;pet-tag-layout;include-microchip-line","",""
"DJ Tag Generator","dj-tag-generator","Utility Generators",false,"🟢 Production Ready",9,"Switch Case","dj-tag-style","",""
"Clan Tag Generator","clan-tag-generator","Utility Generators",false,"🟢 Production Ready",9,"Switch Case","clan-tag-style;clan-tag-length","",""
"Hang Tag Generator","hang-tag-generator","Utility Generators",false,"🟢 Production Ready",9,"Switch Case","hang-tag-style;hang-tag-purpose;hang-tag-include-price;hang-tag-include-sku","",""
"Art Tag Generator","art-tag-generator","Utility Generators",false,"🟢 Production Ready",9,"Switch Case","art-tag-style","",""
"Email Tag Generator","email-tag-generator","Utility Generators",false,"🟢 Production Ready",9,"Switch Case","email-tag-category;email-tag-format","",""
"Tag Team Name Generator","tag-team-name-generator","Creative & Story Generators",false,"🟡 Needs Polish",7,"Pass19 Name Configs","tag-team-style","tag-team-style","Ignores configured options: tag-team-style."
"Warrior Name Generator","warrior-name-generator","Creative & Story Generators",false,"🟡 Needs Polish",7,"Pass19 Name Configs","warrior-class","warrior-class","Ignores configured options: warrior-class."
"Secret Santa Name Generator","secret-santa-name-generator","Utility Generators",false,"🟢 Production Ready",10,"Switch Case","output-mode;include-alternates","","Production ready. Secure shuffling using crypto.getRandomValues, proper output-mode rendering and backups, names validation."
"Anagram Of Name Generator","anagram-of-name-generator","Utility Generators",false,"🟢 Production Ready",9,"Switch Case","anagram-style","",""
"Cyberpunk Name Generator","cyberpunk-name-generator","Creative & Story Generators",false,"🟢 Production Ready",9,"Switch Case","cyberpunk-name-style","",""
"Goth Name Generator","goth-name-generator","Creative & Story Generators",false,"🟢 Production Ready",9,"Switch Case","goth-name-style","",""
"Project Name Generator Keywords","project-name-generator-keywords","Business Generators",false,"🟡 Needs Polish",7,"Pass19 Name Configs","project-style;name-format","project-style;name-format","Ignores configured options: project-style, name-format."
"Sci-Fi Name Generator","scifi-name-generator","Creative & Story Generators",false,"🟢 Production Ready",9,"Switch Case","scifi-name-style","",""
"First And Last Name Generator","last-name-and-first-name-generator","Name Generators",false,"🟡 Needs Polish",7,"Pass19 Name Configs","name-style;name-format","name-style;name-format","Ignores configured options: name-style, name-format."
"Baby Name Generator With Last Name","baby-name-generator-with-last-name","Name Generators",false,"🟡 Needs Polish",7,"Pass19 Name Configs","baby-name-style;gender","baby-name-style;gender","Ignores configured options: baby-name-style, gender."
"Nickname Generator Based On Name","nickname-generator-based-on-name","Name Generators",false,"🟡 Needs Polish",7,"Pass19 Name Configs","nickname-style","nickname-style","Ignores configured options: nickname-style."
"Phonetic Spelling Generator","phonetic-spelling-of-name-generator","Utility Generators",false,"🟢 Production Ready",9,"Switch Case","format;detail-level","",""
"IPA Generator","ipa-generator","Utility Generators",false,"🟢 Production Ready",9,"Switch Case","ipa-output-format;ipa-accent-style;ipa-detail-level","",""
"Name Combination Generator","name-combination-generator","Utility Generators",false,"🟢 Production Ready",9,"Switch Case","combination-mode;blend-style","",""
"Performer Names Generator","performer-names-generator","Business Generators",false,"🟡 Needs Polish",7,"Pass19 Name Configs","performer-name-style","performer-name-style","Ignores configured options: performer-name-style."
"DJ Name Generator","disc-jockey-names-generator","Business Generators",false,"🟡 Needs Polish",7,"Pass19 Name Configs","dj-name-style;name-format","dj-name-style;name-format","Ignores configured options: dj-name-style, name-format."
"Name Pronunciation Generator","name-pronunciation-generator","Utility Generators",false,"🟢 Production Ready",9,"Switch Case","pronunciation-format;detail-level","",""
"Fantasy Language Generator","fantasy-language-generator","Writing Generators",false,"🟢 Production Ready",9,"Switch Case","aesthetic-sound;language-use","",""
"Color Palette Generator From Name","color-palette-generator-from-name","Utility Generators",false,"🟢 Production Ready",9,"Switch Case","harmony-type;palette-mood;palette-count","",""
"Mountain Name Generator","mountain-name-generator","Gaming & Fantasy Generators",false,"🟡 Needs Polish",7,"Pass19 Name Configs","mountain-style;feature-type","mountain-style;feature-type","Ignores configured options: mountain-style, feature-type."
"Forest Name Generator","forest-name-generator","Gaming & Fantasy Generators",false,"🟡 Needs Polish",7,"Pass19 Name Configs","forest-style;forest-type","forest-style;forest-type","Ignores configured options: forest-style, forest-type."
"Team Name Generator By Keyword","team-name-generator-using-keywords","Utility Generators",false,"🟢 Production Ready",9,"Switch Case","team-vibe;keyword-placement","",""
"Trademark-Friendly Name Generator","trademark-friendly-name-generator","Business Generators",false,"🟡 Needs Polish",7,"Pass19 Name Configs","tm-industry;tm-style","tm-industry;tm-style","Ignores configured options: tm-industry, tm-style."
"Acceptable Use Policy Generator","acceptable-use-policy-generator","Other",false,"🟡 Needs Polish",7,"Switch Case","aup-service-type;aup-region;aup-risk-level;aup-enforcement;aup-security-clause;aup-content-clause;aup-api-automation-clause","aup-service-type;aup-region;aup-risk-level;aup-enforcement;aup-security-clause;aup-content-clause;aup-api-automation-clause","Ignores configured options: aup-service-type, aup-region, aup-risk-level, aup-enforcement, aup-security-clause, aup-content-clause, aup-api-automation-clause."
"App Icon Generator","app-icon-generator","Other",false,"🟢 Production Ready",9,"Switch Case","app-icon-category;app-icon-style;app-icon-shape","",""
"App Name Generator","app-name-generator","Other",false,"🟢 Production Ready",9,"Switch Case","app-category;name-style;include-taglines","",""
"Bakery Name Generator","bakery-name-generator","Other",false,"🟢 Production Ready",9,"Switch Case","business-name-style;include-taglines","",""
"Banner Generator","banner-generator","Other",false,"🟢 Production Ready",9,"Switch Case","banner-type;banner-tone;banner-cta","",""
"Barbarian Name Generator","barbarian-name-generator","Other",false,"🟢 Production Ready",9,"Switch Case","","",""
"Big Text Generator","big-text-generator","Other",false,"🟢 Production Ready",9,"Switch Case","","",""
"Brat Text Generator","brat-text-generator","Other",false,"🟢 Production Ready",9,"Switch Case","","",""
"Breadcrumb Generator","breadcrumb-generator","Other",false,"🟢 Production Ready",9,"Switch Case","","",""
"Bubble Text Generator","bubble-text-generator","Other",false,"🟢 Production Ready",9,"Switch Case","","",""
"Business Card Generator","business-card-generator","Other",false,"🟢 Production Ready",9,"Switch Case","card-style;card-orientation;include-qr-note","",""
"Castle Name Generator","castle-name-generator","Other",false,"🟢 Production Ready",9,"Pass19 Name Configs","","",""
"Channel Name Generator","channel-name-generator","Other",false,"🟢 Production Ready",9,"Switch Case","channel-platform;name-style;include-handles","",""
"ChatGPT Prompt Generator","chatgpt-prompt-generator","Other",false,"🟡 Needs Polish",7,"Switch Case","chatgpt-prompt-type;chatgpt-detail-level;chatgpt-output-format;chatgpt-risk-level;chatgpt-include-review","chatgpt-prompt-type;chatgpt-detail-level;chatgpt-output-format;chatgpt-risk-level;chatgpt-include-review","Ignores configured options: chatgpt-prompt-type, chatgpt-detail-level, chatgpt-output-format, chatgpt-risk-level, chatgpt-include-review."
"Club Name Generator","club-name-generator","Other",false,"🟢 Production Ready",9,"Pass19 Name Configs","","",""
"Cocktail Name Generator","cocktail-name-generator","Other",false,"🟢 Production Ready",9,"Pass19 Name Configs","","",""
"Contract Generator","contract-generator","Other",false,"🟢 Production Ready",9,"Includes Check","pass28-style","",""
"Cowboy Name Generator","cowboy-name-generator","Other",false,"🟢 Production Ready",9,"Pass19 Name Configs","","",""
"CSS Code Generator","css-code-generator","Other",false,"🟢 Production Ready",9,"Switch Case","css-snippet-mode;css-responsive","",""
"Cursive Name Generator","cursive-name-generator","Other",false,"🟢 Production Ready",9,"Switch Case","","",""
"Cute Text Generator","cute-text-generator","Other",false,"🟢 Production Ready",9,"Switch Case","","",""
"DALL-E Prompt Generator","dalle-prompt-generator","AI Text & Writing Generators",false,"🟡 Needs Polish",7,"Switch Case","dalle-purpose;dalle-subject-type;dalle-style;dalle-mood;dalle-lighting;dalle-composition;dalle-aspect;dalle-detail-level;dalle-output-format;dalle-safety-level;dalle-avoid-list;dalle-commercial-caution","dalle-purpose;dalle-subject-type;dalle-style;dalle-mood;dalle-lighting;dalle-composition;dalle-aspect;dalle-detail-level;dalle-output-format;dalle-safety-level;dalle-avoid-list;dalle-commercial-caution","Ignores configured options: dalle-purpose, dalle-subject-type, dalle-style, dalle-mood, dalle-lighting, dalle-composition, dalle-aspect, dalle-detail-level, dalle-output-format, dalle-safety-level, dalle-avoid-list, dalle-commercial-caution."
"Dinosaur Name Generator","dinosaur-name-generator","Other",false,"🟢 Production Ready",9,"Switch Case","","",""
"Display Name Generator","display-name-generator","Other",false,"🟢 Production Ready",9,"Switch Case","display-platform;display-style","",""
"DJ Name Generator","dj-name-generator","Other",false,"🟢 Production Ready",9,"Pass19 Name Configs","","",""
"DMCA Policy Generator","dmca-policy-generator","Other",false,"🟡 Needs Polish",7,"Includes Check","dmca-service-type;dmca-region;dmca-intake;dmca-process;dmca-counter-notice;dmca-repeat-infringer","dmca-service-type;dmca-intake;dmca-process;dmca-counter-notice;dmca-repeat-infringer","Ignores configured options: dmca-service-type, dmca-intake, dmca-process, dmca-counter-notice, dmca-repeat-infringer."
"Dog Name Generator","dog-name-generator","Other",false,"🟢 Production Ready",9,"Pass19 Name Configs","","",""
"Estimate Generator","estimate-generator","Other",false,"🟢 Production Ready",9,"Switch Case","estimate-currency;estimate-style;estimate-item-count;estimate-include-timeline","",""
"Sample Placeholder Text Generator","fake-text-generator","Other",false,"🟡 Needs Polish",7,"Switch Case","sample-text-type;sample-text-tone;sample-text-context;sample-text-length;sample-text-use-case","sample-text-type;sample-text-tone;sample-text-context;sample-text-length;sample-text-use-case","Ignores configured options: sample-text-type, sample-text-tone, sample-text-context, sample-text-length, sample-text-use-case."
"Farm Name Generator","farm-name-generator","Other",false,"🟢 Production Ready",9,"Switch Case","business-name-style;include-taglines","",""
"Favicon Generator","favicon-generator","Other",false,"🟢 Production Ready",9,"Switch Case","favicon-style;favicon-bg","",""
"Food Truck Name Generator","food-truck-name-generator","Other",false,"🟢 Production Ready",9,"Switch Case","business-name-style;include-taglines","",""
"Funny Name Generator","funny-name-generator","Other",false,"🟢 Production Ready",9,"Pass19 Name Configs","","",""
"Gnome Name Generator","gnome-name-generator","Other",false,"🟢 Production Ready",9,"Switch Case","","",""
"Hotel Name Generator","hotel-name-generator","Other",false,"🟢 Production Ready",9,"Switch Case","business-name-style;include-taglines","",""
"HTML Code Generator","html-code-generator","Other",false,"🟢 Production Ready",9,"Switch Case","html-snippet-mode","",""
"Invisible Text Generator","invisible-text-generator","Other",false,"🟢 Production Ready",9,"Switch Case","","",""
"Letterhead Generator","letterhead-generator","Other",false,"🟢 Production Ready",9,"Switch Case","letterhead-style;letterhead-contact-density;letterhead-format;letterhead-include-footer","",""
"Logo Generator","logo-generator","Other",false,"🟢 Production Ready",9,"Switch Case","logo-industry;logo-style","",""
"Mermaid Name Generator","mermaid-name-generator","Other",false,"🟢 Production Ready",9,"Switch Case","","",""
"Meta Description Generator","meta-description-generator","Other",false,"🟢 Production Ready",9,"Switch Case","meta-intent;meta-tone","",""
"Monster Name Generator","monster-name-generator","Other",false,"🟢 Production Ready",9,"Switch Case","","",""
"Mood Board Generator","mood-board-generator","Other",false,"🟢 Production Ready",9,"Switch Case","mood-board-style;mood-board-format","",""
"Pen Name Generator","pen-name-generator","Other",false,"🟢 Production Ready",9,"Pass19 Name Configs","","",""
"Pet Name Generator","pet-name-generator","Other",false,"🟢 Production Ready",9,"Pass19 Name Configs","","",""
"Pixel Text Generator","pixel-text-generator","Other",false,"🟢 Production Ready",9,"Switch Case","","",""
"Playlist Name Generator","playlist-name-generator","Other",false,"🟢 Production Ready",9,"Pass19 Name Configs","","",""
"Proposal Generator","proposal-generator","Other",false,"🟢 Production Ready",9,"Switch Case","proposal-type;proposal-tone;proposal-length;proposal-include-pricing","",""
"Purchase Order Generator","purchase-order-generator","Other",false,"🟡 Needs Polish",7,"Switch Case","po-currency;po-item-count;po-tax-rate;po-discount-rate;po-payment-terms;po-delivery-terms;po-include-approval","po-currency;po-item-count;po-tax-rate;po-discount-rate;po-payment-terms;po-delivery-terms;po-include-approval","Ignores configured options: po-currency, po-item-count, po-tax-rate, po-discount-rate, po-payment-terms, po-delivery-terms, po-include-approval."
"QR Code Generator","qr-code-generator","Other",false,"🟢 Production Ready",9,"Switch Case","qr-content-type;qr-size","",""
"Quotation Generator","quotation-generator","Other",false,"🟡 Needs Polish",7,"Switch Case","quotation-currency;quotation-item-count;quotation-tax-rate;quotation-discount-rate;quotation-validity;quotation-type;quotation-include-tax","quotation-currency;quotation-item-count;quotation-tax-rate;quotation-discount-rate;quotation-validity;quotation-type;quotation-include-tax","Ignores configured options: quotation-currency, quotation-item-count, quotation-tax-rate, quotation-discount-rate, quotation-validity, quotation-type, quotation-include-tax."
"Ransom Note Text Generator","ransom-note-text-generator","Other",false,"🟢 Production Ready",9,"Switch Case","","",""
"Retro Text Generator","retro-text-generator","Other",false,"🟢 Production Ready",9,"Switch Case","","",""
"Return Policy Generator","return-policy-generator","Other",false,"🟡 Needs Polish",7,"Switch Case","return-store-type;return-region;return-window;return-condition;return-exceptions;return-costs;return-refund-timing;return-damaged-process;return-include-exchanges;return-include-digital;return-marketplace-sales","return-store-type;return-region;return-window;return-condition;return-exceptions;return-costs;return-refund-timing;return-damaged-process;return-include-exchanges;return-include-digital;return-marketplace-sales","Ignores configured options: return-store-type, return-region, return-window, return-condition, return-exceptions, return-costs, return-refund-timing, return-damaged-process, return-include-exchanges, return-include-digital, return-marketplace-sales."
"Robot Name Generator","robot-name-generator","Other",false,"🟢 Production Ready",9,"Pass19 Name Configs","","",""
"Salon Name Generator","salon-name-generator","Other",false,"🟢 Production Ready",9,"Switch Case","business-name-style;include-taglines","",""
"Service Agreement Generator","service-agreement-generator","Other",false,"🟢 Production Ready",9,"Includes Check","pass29-style","",""
"Ship Name Generator","ship-name-generator","Other",false,"🟢 Production Ready",9,"Pass19 Name Configs","","",""
"Shopify Product Description Generator","shopify-product-description-generator","Other",false,"🟢 Production Ready",9,"Switch Case","shopify-tone;shopify-benefit-focus;shopify-include-seo","",""
"Short Code Generator","short-code-generator","Other",false,"🟢 Production Ready",9,"Switch Case","","",""
"Sigil Generator","sigil-generator","Other",false,"🟢 Production Ready",9,"Switch Case","","",""
"Sitemap Generator","sitemap-generator","Other",false,"🟢 Production Ready",9,"Switch Case","sitemap-type;sitemap-changefreq;sitemap-priority;sitemap-lastmod","",""
"Spaceship Name Generator","spaceship-name-generator","Other",false,"🟢 Production Ready",9,"Pass19 Name Configs","","",""
"Sports Team Name Generator","sports-team-name-generator","Other",false,"🟢 Production Ready",9,"Pass19 Name Configs","","",""
"Tattoo Name Generator","tattoo-name-generator","Other",false,"🟢 Production Ready",9,"Switch Case","","",""
"Token Generator","token-generator","Other",false,"🟢 Production Ready",10,"Switch Case","token-format;token-count;token-length","","Production ready. Wire in format, count, and length options. Secure local crypto.getRandomValues execution."
"Typewriter Text Generator","typewriter-text-generator","Other",false,"🟢 Production Ready",9,"Switch Case","","",""
"Ancient Greek-Inspired Name Generator","ancient-greek-inspired-name-generator","Creative & Story Generators",false,"🟡 Needs Polish",7,"Pass19 Name Configs","greek-name-style","greek-name-style","Ignores configured options: greek-name-style."
"Roman-Inspired Character Name Generator","roman-inspired-character-name-generator","Creative & Story Generators",false,"🟡 Needs Polish",7,"Pass19 Name Configs","roman-name-style","roman-name-style","Ignores configured options: roman-name-style."
"Ancient Egyptian-Inspired Name Generator","ancient-egyptian-inspired-name-generator","Creative & Story Generators",false,"🟡 Needs Polish",7,"Pass19 Name Configs","egyptian-name-style","egyptian-name-style","Ignores configured options: egyptian-name-style."
"IUPAC Name Generator","iupac-name-generator","Utility Generators",false,"🟢 Production Ready",9,"Switch Case","compound-type;detail-level","",""
"Victorian Name Generator","victorian-name-generator","Name Generators",false,"🟡 Needs Polish",7,"Pass19 Name Configs","victorian-style;name-format","victorian-style;name-format","Ignores configured options: victorian-style, name-format."
"Racehorse Name Generator","racehorse-name-generator","Name Generators",false,"🟡 Needs Polish",7,"Pass19 Name Configs","racehorse-style","racehorse-style","Ignores configured options: racehorse-style."
"Emo Name Generator","emo-name-generator","Creative & Story Generators",false,"🟡 Needs Polish",7,"Pass19 Name Configs","emo-style","emo-style","Ignores configured options: emo-style."
"Poster Generator","poster-generator","Business Generators",false,"🟢 Production Ready",9,"Switch Case","event-type;poster-tone;headline-style;poster-format;call-to-action","",""
"Flyer Generator","flyer-generator","Business Generators",false,"🟢 Production Ready",9,"Switch Case","flyer-mode;flyer-offer;flyer-tone","",""
"Fantasy Map Generator","fantasy-map-generator","Gaming & Fantasy Generators",false,"🟢 Production Ready",9,"Switch Case","map-scope;terrain-bias;settlement-density;map-tone;include-legend;detail-level","",""
"Papyrus Generator","papyrus-generator","Font & Text Style Generators",false,"🟡 Needs Polish",7,"Switch Case","papyrus-style;include-border","include-border","Ignores configured options: include-border."
"Serif Generator","serif-generator","Font & Text Style Generators",false,"🟡 Needs Polish",7,"Switch Case","serif-style","serif-style","Ignores configured options: serif-style."