slug,name,categorySlug,generatorType,premium_done,basic_or_generic,missing_intent_specific_output,generic_fallback_only,has_renderer_case,built_page_exists,noindex_expected,noindex_follow_rendered,missing_required_fields,missing_meta,invalid_category_slug,broken_related_slugs,duplicate_slug,mojibake_source_markers,mojibake_built_markers,notes
fancy-text-generator,Fancy Text Generator,text-font-generators,text-transform,yes,no,no,no,yes,yes,no,yes,,,no,,no,0,0,
name-generator,Name Generator,name-generators,random-combo,yes,no,no,no,yes,yes,no,yes,,,no,,no,0,0,
username-generator,Username Generator,name-generators,random-combo,yes,no,no,no,yes,yes,no,yes,,,no,,no,0,0,
business-name-generator,Business Name Generator,business-generators,random-combo,yes,no,no,no,yes,yes,no,yes,,,no,,no,0,0,
youtube-tag-generator,YouTube Tag Generator,social-media-tools,template,yes,no,no,no,yes,yes,yes,yes,,,no,,no,0,0,
instagram-bio-generator,Instagram Bio Generator,bio-caption-generators,template,yes,no,no,no,yes,yes,yes,yes,,,no,,no,0,0,
meta-tag-generator,Meta Tag Generator,seo-generators,utility,yes,no,no,no,yes,yes,no,yes,,,no,,no,0,0,
bold-text-generator,Bold Text Generator,text-font-generators,text-transform,yes,no,no,no,yes,yes,no,yes,,,no,,no,0,0,
cursive-text-generator,Cursive Text Generator,text-font-generators,text-transform,yes,no,no,no,yes,yes,no,yes,,,no,,no,0,0,
glitch-text-generator,Glitch Text Generator,text-font-generators,text-transform,yes,no,no,no,yes,yes,no,yes,,,no,,no,0,0,
password-generator,Password Generator,utility-generators,utility,yes,no,no,no,yes,yes,yes,yes,,,no,,no,0,0,
lorem-ipsum-generator,Lorem Ipsum Generator,utility-generators,utility,yes,no,no,no,yes,yes,no,yes,,,no,,no,0,0,
fantasy-name-generator,Fantasy Name Generator,gaming-generators,random-combo,yes,no,no,no,yes,yes,no,yes,,,no,,no,0,0,
instagram-hashtag-generator,Instagram Hashtag Generator,social-media-tools,template,yes,no,no,no,yes,yes,yes,yes,,,no,,no,0,0,
text-case-converter,Text Case Converter,utility-generators,text-transform,yes,no,no,no,yes,yes,no,yes,,,no,,no,0,0,
team-name-generator,Team Name Generator,name-generators,random-combo,yes,no,no,no,yes,yes,no,yes,,,no,,no,0,0,
robots-txt-generator,Robots.txt Generator,seo-generators,utility,yes,no,no,no,yes,yes,no,yes,,,no,,no,0,0,
word-counter,Word Counter,utility-generators,utility,yes,no,no,no,yes,yes,no,yes,,,no,,no,0,0,
uuid-generator,UUID Generator,developer-generators,utility,yes,no,no,no,yes,yes,no,yes,,,no,,no,0,0,
random-number-generator,Random Number Generator,random-generators,utility,yes,no,no,no,yes,yes,no,yes,,,no,,no,0,0,
small-text-generator,Small Text Generator,text-font-generators,text-transform,yes,no,no,no,yes,yes,no,yes,,,no,,no,0,0,
italic-text-generator,Italic Text Generator,text-font-generators,text-transform,yes,no,no,no,yes,yes,no,yes,,,no,,no,0,0,
strikethrough-text-generator,Strikethrough Text Generator,text-font-generators,text-transform,yes,no,no,no,yes,yes,no,yes,,,no,,no,0,0,
underline-text-generator,Underline Text Generator,text-font-generators,text-transform,yes,no,no,no,yes,yes,no,yes,,,no,,no,0,0,
vaporwave-text-generator,Vaporwave Text Generator,text-font-generators,text-transform,yes,no,no,no,yes,yes,no,yes,,,no,,no,0,0,
reverse-text-generator,Reverse Text Generator,text-font-generators,text-transform,yes,no,no,no,yes,yes,no,yes,,,no,,no,0,0,
unicode-text-generator,Unicode Text Generator,text-font-generators,text-transform,yes,no,no,no,yes,yes,no,yes,,,no,,no,0,0,
tiktok-hashtag-generator,TikTok Hashtag Generator,social-media-tools,template,yes,no,no,no,yes,yes,yes,yes,,,no,,no,0,0,
twitter-bio-generator,Twitter/X Bio Generator,bio-caption-generators,template,yes,no,no,no,yes,yes,yes,yes,,,no,,no,0,0,
tiktok-bio-generator,TikTok Bio Generator,bio-caption-generators,template,yes,no,no,no,yes,yes,yes,yes,,,no,,no,0,0,
linkedin-bio-generator,LinkedIn Bio Generator,bio-caption-generators,template,yes,no,no,no,yes,yes,yes,yes,,,no,,no,0,0,
domain-name-generator,Domain Name Generator,business-generators,random-combo,yes,no,no,no,yes,yes,no,yes,,,no,,no,0,0,
product-name-generator,Product Name Generator,business-generators,random-combo,yes,no,no,no,yes,yes,no,yes,,,no,,no,0,0,
baby-name-generator,Baby Name Generator,name-generators,random-combo,yes,no,no,no,yes,yes,no,yes,,,no,,no,0,0,
middle-name-generator,Middle Name Generator,name-generators,random-combo,yes,no,no,no,yes,yes,no,yes,,,no,,no,0,0,
last-name-generator,Last Name Generator,name-generators,random-combo,yes,no,no,no,yes,yes,no,yes,,,no,,no,0,0,
discord-name-generator,Discord Name Generator,name-generators,random-combo,yes,no,no,no,yes,yes,no,yes,,,no,,no,0,0,
clan-name-generator,Clan Name Generator,gaming-generators,random-combo,yes,no,no,no,yes,yes,no,yes,,,no,,no,0,0,
band-name-generator,Band Name Generator,creative-generators,random-combo,yes,no,no,no,yes,yes,no,yes,,,no,,no,0,0,
superhero-name-generator,Superhero Name Generator,creative-generators,random-combo,yes,no,no,no,yes,yes,no,yes,,,no,,no,0,0,
rap-name-generator,Rap Name Generator,creative-generators,random-combo,yes,no,no,no,yes,yes,no,yes,,,no,,no,0,0,
song-name-generator,Song Name Generator,creative-generators,random-combo,yes,no,no,no,yes,yes,no,yes,,,no,,no,0,0,
paragraph-generator,Paragraph Generator,ai-writing-generators,template,yes,no,no,no,yes,yes,no,yes,,,no,,no,0,0,
sentence-generator,Sentence Generator,ai-writing-generators,template,yes,no,no,no,yes,yes,no,yes,,,no,,no,0,0,
blog-name-generator,Blog Name Generator,ai-writing-generators,random-combo,yes,no,no,no,yes,yes,no,yes,,,no,,no,0,0,
pirate-name-generator,Pirate Name Generator,gaming-generators,random-combo,yes,no,no,no,yes,yes,no,yes,,,no,,no,0,0,
medieval-name-generator,Medieval Name Generator,gaming-generators,random-combo,yes,no,no,no,yes,yes,no,yes,,,no,,no,0,0,
hreflang-tag-generator,Hreflang Tag Generator,seo-generators,utility,yes,no,no,no,yes,yes,no,yes,,,no,,no,0,0,
schema-tag-generator,Schema Markup Generator,seo-generators,utility,yes,no,no,no,yes,yes,no,yes,,,no,,no,0,0,
slug-generator,URL Slug Generator,developer-generators,utility,yes,no,no,no,yes,yes,no,yes,,,no,,no,0,0,
hash-generator,Hash Generator,developer-generators,utility,yes,no,no,no,yes,yes,no,yes,,,no,,no,0,0,
json-formatter,JSON Formatter,developer-generators,utility,yes,no,no,no,yes,yes,no,yes,,,no,,no,0,0,
coin-flip,Coin Flip Generator,random-generators,utility,yes,no,no,no,yes,yes,no,yes,,,no,,no,0,0,
dice-roller,Dice Roller,random-generators,utility,yes,no,no,no,yes,yes,no,yes,,,no,,no,0,0,
color-palette-generator,Color Palette Generator,developer-generators,utility,yes,no,no,no,yes,yes,no,yes,,,no,,no,0,0,
town-name-generator,Town Name Generator,gaming-generators,random-combo,yes,no,no,no,yes,yes,no,yes,,,no,,no,0,0,
kingdom-name-generator,Kingdom Name Generator,gaming-generators,random-combo,yes,no,no,no,yes,yes,no,yes,,,no,,no,0,0,
dragon-name-generator,Dragon Name Generator,gaming-generators,random-combo,yes,no,no,no,yes,yes,no,yes,,,no,,no,0,0,
wolf-name-generator,Wolf Name Generator,gaming-generators,random-combo,yes,no,no,no,yes,yes,no,yes,,,no,,no,0,0,
demon-name-generator,Demon Name Generator,gaming-generators,random-combo,yes,no,no,no,yes,yes,yes,yes,,,no,,no,0,0,
elf-name-generator,Elf Name Generator,gaming-generators,random-combo,yes,no,no,no,yes,yes,no,yes,,,no,,no,0,0,
podcast-name-generator,Podcast Name Generator,creative-generators,random-combo,yes,no,no,no,yes,yes,no,yes,,,no,,no,0,0,
youtube-name-generator,YouTube Channel Name Generator,creative-generators,random-combo,yes,no,no,no,yes,yes,yes,yes,,,no,,no,0,0,
instagram-caption-generator,Instagram Caption Generator,bio-caption-generators,template,yes,no,no,no,yes,yes,yes,yes,,,no,,no,0,0,
nickname-generator,Nickname Generator,name-generators,random-combo,yes,no,no,no,yes,yes,no,yes,,,no,,no,0,0,
hashtag-generator,Hashtag Generator,social-media-tools,template,yes,no,no,no,yes,yes,no,yes,,,no,,no,0,0,
etsy-tag-generator,Etsy Tag Generator,seo-generators,template,yes,no,no,no,yes,yes,yes,yes,,,no,,no,0,0,
writing-prompt-generator,Writing Prompt Generator,ai-writing-generators,template,yes,no,no,no,yes,yes,no,yes,,,no,,no,0,0,
text-to-binary-generator,Text to Binary Converter,developer-generators,converter,yes,no,no,no,yes,yes,no,yes,,,no,,no,0,0,
morse-code-generator,Morse Code Generator,developer-generators,converter,yes,no,no,no,yes,yes,no,yes,,,no,,no,0,0,
star-wars-name-generator,Star Wars Name Generator,gaming-generators,random-combo,yes,no,no,no,yes,yes,yes,yes,,,no,,no,0,0,
anime-name-generator,Anime Name Generator,creative-generators,random-combo,yes,no,no,no,yes,yes,no,yes,,,no,,no,0,0,
fake-name-generator,Fake Name Generator,utility-generators,random-combo,yes,no,no,no,yes,yes,yes,yes,,,no,,no,0,0,
qr-code-text-generator,QR Code Text Generator,utility-generators,utility,yes,no,no,no,yes,yes,no,yes,,,no,,no,0,0,
dnd-name-generator,D&D Name Generator,gaming-generators,random-combo,yes,no,no,no,yes,yes,no,yes,,,no,,no,0,0,
orc-name-generator,Orc Name Generator,gaming-generators,random-combo,yes,no,no,no,yes,yes,no,yes,,,no,,no,0,0,
witch-name-generator,Witch Name Generator,gaming-generators,random-combo,yes,no,no,no,yes,yes,no,yes,,,no,,no,0,0,
alien-name-generator,Alien Name Generator,gaming-generators,random-combo,yes,no,no,no,yes,yes,no,yes,,,no,,no,0,0,
vampire-name-generator,Vampire Name Generator,gaming-generators,random-combo,yes,no,no,no,yes,yes,no,yes,,,no,,no,0,0,
fairy-name-generator,Fairy Name Generator,gaming-generators,random-combo,yes,no,no,no,yes,yes,no,yes,,,no,,no,0,0,
goblin-name-generator,Goblin Name Generator,gaming-generators,random-combo,yes,no,no,no,yes,yes,no,yes,,,no,,no,0,0,
character-name-generator,Character Name Generator,creative-generators,random-combo,yes,no,no,no,yes,yes,no,yes,,,no,,no,0,0,
story-name-generator,Story Title Generator,creative-generators,random-combo,yes,no,no,no,yes,yes,no,yes,,,no,,no,0,0,
twitch-name-generator,Twitch Name Generator,creative-generators,random-combo,yes,no,no,no,yes,yes,no,yes,,,no,,no,0,0,
random-phrase-generator,Random Phrase Generator,random-generators,random-combo,yes,no,no,no,yes,yes,no,yes,,,no,,no,0,0,
special-character-generator,Special Character Generator,text-font-generators,utility,yes,no,no,no,yes,yes,no,yes,,,no,,no,0,0,
ascii-text-generator,ASCII Text Art Generator,text-font-generators,text-transform,yes,no,no,no,yes,yes,no,yes,,,no,,no,0,0,
creepy-text-generator,Creepy Text Generator,text-font-generators,text-transform,yes,no,no,no,yes,yes,no,yes,,,no,,no,0,0,
gaming-name-generator,Gaming Name Generator,gaming-generators,random-combo,yes,no,no,no,yes,yes,no,yes,,,no,,no,0,0,
guild-name-generator,Guild Name Generator,gaming-generators,random-combo,yes,no,no,no,yes,yes,no,yes,,,no,,no,0,0,
planet-name-generator,Planet Name Generator,gaming-generators,random-combo,yes,no,no,no,yes,yes,no,yes,,,no,,no,0,0,
island-name-generator,Island Name Generator,gaming-generators,random-combo,yes,no,no,no,yes,yes,no,yes,,,no,,no,0,0,
shop-name-generator,Shop Name Generator,business-generators,random-combo,yes,no,no,no,yes,yes,no,yes,,,no,,no,0,0,
cafe-name-generator,Cafe Name Generator,business-generators,random-combo,yes,no,no,no,yes,yes,no,yes,,,no,,no,0,0,
project-name-generator,Project Name Generator,business-generators,random-combo,yes,no,no,no,yes,yes,no,yes,,,no,,no,0,0,
stage-name-generator,Stage Name Generator,creative-generators,random-combo,yes,no,no,no,yes,yes,no,yes,,,no,,no,0,0,
wrestling-name-generator,Wrestling Name Generator,creative-generators,random-combo,yes,no,no,no,yes,yes,no,yes,,,no,,no,0,0,
cool-text-generator,Cool Text Generator,text-font-generators,text-transform,yes,no,no,no,yes,yes,no,yes,,,no,,no,0,0,
old-english-text-generator,Old English Text Generator,text-font-generators,text-transform,yes,no,no,no,yes,yes,no,yes,,,no,,no,0,0,
uwu-text-generator,UwU Text Generator,text-font-generators,text-transform,yes,no,no,no,yes,yes,no,yes,,,no,,no,0,0,
leet-text-generator,Leet Speak Generator,text-font-generators,text-transform,yes,no,no,no,yes,yes,no,yes,,,no,,no,0,0,
random-text-generator,Random Text Generator,random-generators,template,yes,no,no,no,yes,yes,no,yes,,,no,,no,0,0,
discord-timestamp-generator,Discord Timestamp Generator,developer-generators,utility,yes,no,no,no,yes,yes,no,yes,,,no,,no,0,0,
canonical-tag-generator,Canonical Tag Generator,seo-generators,utility,yes,no,no,no,yes,yes,no,yes,,,no,,no,0,0,
utm-generator,UTM Link Generator,seo-generators,utility,yes,no,no,no,yes,yes,no,yes,,,no,,no,0,0,
gibberish-generator,Gibberish Generator,random-generators,random-combo,yes,no,no,no,yes,yes,no,yes,,,no,,no,0,0,
shakespeare-insult-generator,Shakespeare Insult Generator,random-generators,random-combo,yes,no,no,no,yes,yes,yes,yes,,,no,,no,0,0,
roblox-name-generator,Roblox Name Generator,gaming-generators,random-combo,yes,no,no,no,yes,yes,yes,yes,,,no,,no,0,0,
tiktok-name-generator,TikTok Name Generator,creative-generators,random-combo,yes,no,no,no,yes,yes,yes,yes,,,no,,no,0,0,
instagram-name-generator,Instagram Name Generator,creative-generators,random-combo,yes,no,no,no,yes,yes,yes,yes,,,no,,no,0,0,
couple-name-generator,Couple Name Generator,name-generators,utility,yes,no,no,no,yes,yes,no,yes,,,no,,no,0,0,
dwarf-name-generator,Dwarf Name Generator,gaming-generators,random-combo,yes,no,no,no,yes,yes,no,yes,,,no,,no,0,0,
tiefling-name-generator,Tiefling Name Generator,gaming-generators,random-combo,yes,no,no,no,yes,yes,no,yes,,,no,,no,0,0,
harry-potter-name-generator,Harry Potter Name Generator,gaming-generators,random-combo,yes,no,no,no,yes,yes,yes,yes,,,no,,no,0,0,
pokemon-name-generator,Pokemon Name Generator,gaming-generators,random-combo,yes,no,no,no,yes,yes,yes,yes,,,no,,no,0,0,
school-name-generator,School Name Generator,gaming-generators,random-combo,yes,no,no,no,yes,yes,no,yes,,,no,,no,0,0,
street-name-generator,Street Name Generator,gaming-generators,random-combo,yes,no,no,no,yes,yes,no,yes,,,no,,no,0,0,
book-club-name-generator,Book Club Name Generator,creative-generators,random-combo,yes,no,no,no,yes,yes,no,yes,,,no,,no,0,0,
seo-title-generator,SEO Title Generator,seo-generators,template,yes,no,no,no,yes,yes,no,yes,,,no,,no,0,0,
facebook-hashtag-generator,Facebook Hashtag Generator,social-media-tools,template,yes,no,no,no,yes,yes,yes,yes,,,no,,no,0,0,
pinterest-tag-generator,Pinterest Tag Generator,social-media-tools,template,yes,no,no,no,yes,yes,yes,yes,,,no,,no,0,0,
soundcloud-tag-generator,SoundCloud Tag Generator,social-media-tools,template,yes,no,no,no,yes,yes,yes,yes,,,no,,no,0,0,
comeback-generator,Comeback Generator,random-generators,random-combo,yes,no,no,no,yes,yes,yes,yes,,,no,,no,0,0,
error-message-generator,Error Message Generator,developer-generators,random-combo,yes,no,no,no,yes,yes,no,yes,,,no,,no,0,0,
cipher-generator,Cipher Generator,developer-generators,utility,yes,no,no,no,yes,yes,no,yes,,,no,,no,0,0,
repeat-text-generator,Repeat Text Generator,utility-generators,utility,yes,no,no,no,yes,yes,no,yes,,,no,,no,0,0,
fortnite-name-generator,Fortnite Name Generator,gaming-generators,random-combo,yes,no,no,no,yes,yes,yes,yes,,,no,,no,0,0,
minecraft-name-generator,Minecraft Name Generator,gaming-generators,random-combo,yes,no,no,no,yes,yes,yes,yes,,,no,,no,0,0,
valorant-name-generator,Valorant Name Generator,gaming-generators,random-combo,yes,no,no,no,yes,yes,yes,yes,,,no,,no,0,0,
league-of-legends-name-generator,League of Legends Name Generator,gaming-generators,random-combo,yes,no,no,no,yes,yes,yes,yes,,,no,,no,0,0,
magic-name-generator,Magic Name Generator,gaming-generators,random-combo,yes,no,no,no,yes,yes,no,yes,,,no,,no,0,0,
angel-name-generator,Angel Name Generator,gaming-generators,random-combo,yes,no,no,no,yes,yes,no,yes,,,no,,no,0,0,
tavern-name-generator,Tavern Name Generator,gaming-generators,random-combo,yes,no,no,no,yes,yes,no,yes,,,no,,no,0,0,
dungeon-name-generator,Dungeon Name Generator,gaming-generators,random-combo,yes,no,no,no,yes,yes,no,yes,,,no,,no,0,0,
cat-name-generator,Cat Name Generator,name-generators,random-combo,yes,no,no,no,yes,yes,no,yes,,,no,,no,0,0,
horse-name-generator,Horse Name Generator,name-generators,random-combo,yes,no,no,no,yes,yes,no,yes,,,no,,no,0,0,
twitter-name-generator,Twitter/X Name Generator,creative-generators,random-combo,yes,no,no,no,yes,yes,yes,yes,,,no,,no,0,0,
snapchat-name-generator,Snapchat Name Generator,creative-generators,random-combo,yes,no,no,no,yes,yes,no,yes,,,no,,no,0,0,
linkedin-headline-generator,LinkedIn Headline Generator,bio-caption-generators,template,yes,no,no,no,yes,yes,yes,yes,,,no,,no,0,0,
bio-generator,Bio Generator,bio-caption-generators,template,yes,no,no,no,yes,yes,no,yes,,,no,,no,0,0,
slogan-generator,Slogan Generator,business-generators,random-combo,yes,no,no,no,yes,yes,no,yes,,,no,,no,0,0,
wifi-name-generator,WiFi Name Generator,random-generators,random-combo,yes,no,no,no,yes,yes,no,yes,,,no,,no,0,0,
color-name-generator,Color Name Generator,developer-generators,random-combo,yes,no,no,no,yes,yes,no,yes,,,no,,no,0,0,
hex-color-generator,Hex Color Generator,developer-generators,random-combo,yes,no,no,no,yes,yes,no,yes,,,no,,no,0,0,
rgb-generator,RGB Color Generator,developer-generators,random-combo,yes,no,no,no,yes,yes,no,yes,,,no,,no,0,0,
ai-prompt-generator,AI Prompt Generator,ai-writing-generators,template,yes,no,no,no,yes,yes,no,yes,,,no,,no,0,0,
midjourney-prompt-generator,Midjourney Prompt Generator,ai-writing-generators,template,yes,no,no,no,yes,yes,yes,yes,,,no,,no,0,0,
passphrase-generator,Passphrase Generator,utility-generators,utility,yes,no,no,no,yes,yes,no,yes,,,no,,no,0,0,
pin-generator,PIN Generator,utility-generators,utility,yes,no,no,no,yes,yes,yes,yes,,,no,,no,0,0,
api-key-generator,API Key Generator,developer-generators,utility,yes,no,no,no,yes,yes,yes,yes,,,no,,no,0,0,
privacy-policy-generator,Privacy Policy Generator,seo-generators,template,yes,no,no,no,yes,yes,yes,yes,,,no,,no,0,0,
terms-generator,Terms and Conditions Generator,seo-generators,template,yes,no,no,no,yes,yes,yes,yes,,,no,,no,0,0,
cookie-policy-generator,Cookie Policy Generator,seo-generators,template,yes,no,no,no,yes,yes,yes,yes,,,no,,no,0,0,
disclaimer-generator,Disclaimer Generator,seo-generators,template,yes,no,no,no,yes,yes,yes,yes,,,no,,no,0,0,
open-graph-generator,Open Graph Tag Generator,seo-generators,utility,yes,no,no,no,yes,yes,no,yes,,,no,,no,0,0,
twitter-card-generator,Twitter Card Generator,seo-generators,utility,yes,no,no,no,yes,yes,yes,yes,,,no,,no,0,0,
youtube-description-generator,YouTube Description Generator,bio-caption-generators,template,yes,no,no,no,yes,yes,yes,yes,,,no,,no,0,0,
tiktok-caption-generator,TikTok Caption Generator,bio-caption-generators,template,yes,no,no,no,yes,yes,yes,yes,,,no,,no,0,0,
css-button-generator,CSS Button Generator,developer-generators,utility,yes,no,no,no,yes,yes,no,yes,,,no,,no,0,0,
box-shadow-generator,CSS Box Shadow Generator,developer-generators,utility,yes,no,no,no,yes,yes,no,yes,,,no,,no,0,0,
border-radius-generator,CSS Border Radius Generator,developer-generators,utility,yes,no,no,no,yes,yes,no,yes,,,no,,no,0,0,
regex-generator,Regex Generator,developer-generators,utility,yes,no,no,no,yes,yes,no,yes,,,no,,no,0,0,
cron-expression-generator,Cron Expression Generator,developer-generators,utility,yes,no,no,no,yes,yes,no,yes,,,no,,no,0,0,
random-letter-generator,Random Letter Generator,random-generators,random-combo,yes,no,no,no,yes,yes,no,yes,,,no,,no,0,0,
random-question-generator,Random Question Generator,random-generators,random-combo,yes,no,no,no,yes,yes,no,yes,,,no,,no,0,0,
truth-or-dare-generator,Truth or Dare Generator,random-generators,random-combo,yes,no,no,no,yes,yes,no,yes,,,no,,no,0,0,
would-you-rather-generator,Would You Rather Generator,random-generators,random-combo,yes,no,no,no,yes,yes,no,yes,,,no,,no,0,0,
joke-generator,Joke Generator,random-generators,random-combo,yes,no,no,no,yes,yes,no,yes,,,no,,no,0,0,
compliment-generator,Compliment Generator,random-generators,random-combo,yes,no,no,no,yes,yes,no,yes,,,no,,no,0,0,
email-signature-generator,Email Signature Generator,business-generators,template,yes,no,no,no,yes,yes,no,yes,,,no,,no,0,0,
gradient-generator,CSS Gradient Generator,developer-generators,random-combo,yes,no,no,no,yes,yes,no,yes,,,no,,no,0,0,
font-pairing-generator,Font Pairing Generator,developer-generators,random-combo,yes,no,no,no,yes,yes,no,yes,,,no,,no,0,0,
blog-outline-generator,Blog Outline Generator,ai-writing-generators,template,yes,no,no,no,yes,yes,no,yes,,,no,,no,0,0,
cold-email-generator,Cold Email Generator,ai-writing-generators,template,yes,no,no,no,yes,yes,no,yes,,,no,,no,0,0,
cover-letter-generator,Cover Letter Generator,ai-writing-generators,template,yes,no,no,no,yes,yes,no,yes,,,no,,no,0,0,
resume-summary-generator,Resume Summary Generator,ai-writing-generators,template,yes,no,no,no,yes,yes,no,yes,,,no,,no,0,0,
ad-copy-generator,Ad Copy Generator,ai-writing-generators,template,yes,no,no,no,yes,yes,no,yes,,,no,,no,0,0,
call-to-action-generator,Call to Action Generator,ai-writing-generators,template,yes,no,no,no,yes,yes,no,yes,,,no,,no,0,0,
product-description-generator,Product Description Generator,ai-writing-generators,template,yes,no,no,no,yes,yes,no,yes,,,no,,no,0,0,
random-emoji-generator,Random Emoji Generator,random-generators,random-combo,yes,no,no,no,yes,yes,no,yes,,,no,,no,0,0,
random-country-generator,Random Country Generator,random-generators,random-combo,yes,no,no,no,yes,yes,no,yes,,,no,,no,0,0,
random-date-generator,Random Date Generator,random-generators,random-combo,yes,no,no,no,yes,yes,no,yes,,,no,,no,0,0,
random-choice-generator,Random Choice Generator,random-generators,utility,yes,no,no,no,yes,yes,yes,yes,,,no,,no,0,0,
game-idea-generator,Game Idea Generator,gaming-generators,random-combo,yes,no,no,no,yes,yes,no,yes,,,no,,no,0,0,
rpg-character-generator,RPG Character Generator,gaming-generators,random-combo,yes,no,no,no,yes,yes,no,yes,,,no,,no,0,0,
npc-generator,NPC Generator,gaming-generators,random-combo,yes,no,no,no,yes,yes,no,yes,,,no,,no,0,0,
quest-generator,Quest Generator,gaming-generators,random-combo,yes,no,no,no,yes,yes,no,yes,,,no,,no,0,0,
story-plot-generator,Story Plot Generator,creative-generators,random-combo,yes,no,no,no,yes,yes,no,yes,,,no,,no,0,0,
riddle-generator,Riddle Generator,random-generators,random-combo,yes,no,no,no,yes,yes,no,yes,,,no,,no,0,0,
icebreaker-generator,Icebreaker Generator,random-generators,random-combo,yes,no,no,no,yes,yes,no,yes,,,no,,no,0,0,
product-title-generator,Product Title Generator,business-generators,template,yes,no,no,no,yes,yes,no,yes,,,no,,no,0,0,
sku-generator,SKU Generator,business-generators,utility,yes,no,no,no,yes,yes,no,yes,,,no,,no,0,0,
testimonial-generator,Testimonial Generator,ai-writing-generators,template,yes,no,no,no,yes,yes,no,yes,,,no,,no,0,0,
keyword-generator,Keyword Generator,seo-generators,template,yes,no,no,no,yes,yes,no,yes,,,no,,no,0,0,
faq-generator,FAQ Generator,seo-generators,template,yes,no,no,no,yes,yes,no,yes,,,no,,no,0,0,
license-key-generator,License Key Generator,developer-generators,utility,yes,no,no,no,yes,yes,yes,yes,,,no,,no,0,0,
recovery-code-generator,Recovery Code Generator,developer-generators,utility,yes,no,no,no,yes,yes,yes,yes,,,no,,no,0,0,
coupon-code-generator,Coupon Code Generator,business-generators,utility,yes,no,no,no,yes,yes,no,yes,,,no,,no,0,0,
barcode-generator,Barcode Text Generator,developer-generators,utility,yes,no,no,no,yes,yes,no,yes,,,no,,no,0,0,
refund-policy-generator,Refund Policy Generator,seo-generators,template,yes,no,no,no,yes,yes,yes,yes,,,no,,no,0,0,
shipping-policy-generator,Shipping Policy Generator,seo-generators,template,yes,no,no,no,yes,yes,yes,yes,,,no,,no,0,0,
affiliate-disclosure-generator,Affiliate Disclosure Generator,seo-generators,template,yes,no,no,no,yes,yes,yes,yes,,,no,,no,0,0,
invoice-generator,Invoice Generator,business-generators,template,yes,no,no,no,yes,yes,yes,yes,,,no,,no,0,0,
meeting-agenda-generator,Meeting Agenda Generator,business-generators,template,yes,no,no,no,yes,yes,yes,yes,,,no,,no,0,0,
citation-generator,Citation Generator,ai-writing-generators,template,yes,no,no,no,yes,yes,no,yes,,,no,,no,0,0,
linkedin-post-generator,LinkedIn Post Generator,bio-caption-generators,template,yes,no,no,no,yes,yes,yes,yes,,,no,,no,0,0,
facebook-post-generator,Facebook Post Generator,bio-caption-generators,template,yes,no,no,no,yes,yes,yes,yes,,,no,,no,0,0,
headline-generator,Headline Generator,ai-writing-generators,template,yes,no,no,no,yes,yes,no,yes,,,no,,no,0,0,
meme-text-generator,Meme Text Generator,creative-generators,random-combo,yes,no,no,no,yes,yes,no,yes,,,no,,no,0,0,
startup-name-generator,Startup Name Generator,business-generators,random-combo,yes,no,no,no,yes,yes,no,yes,,,no,,no,0,0,
photography-name-generator,Photography Business Name Generator,business-generators,random-combo,yes,no,no,no,yes,yes,no,yes,,,no,,no,0,0,
art-name-generator,Art Name Generator,creative-generators,random-combo,yes,no,no,no,yes,yes,no,yes,,,no,,no,0,0,
avatar-name-generator,Avatar Name Generator,gaming-generators,random-combo,yes,no,no,no,yes,yes,no,yes,,,no,,no,0,0,
video-game-name-generator,Video Game Name Generator,gaming-generators,random-combo,yes,no,no,no,yes,yes,no,yes,,,no,,no,0,0,
text-summary-generator,Text Summary Generator,utility-generators,utility,yes,no,no,no,yes,yes,no,yes,,,no,,no,0,0,
typography-generator,Typography Generator,text-font-generators,text-transform,yes,no,no,no,yes,yes,no,yes,,,no,,no,0,0,
wordart-generator,Word Art Generator,text-font-generators,text-transform,yes,no,no,no,yes,yes,no,yes,,,no,,no,0,0,
social-media-post-generator,Social Media Post Generator,bio-caption-generators,template,yes,no,no,no,yes,yes,no,yes,,,no,,no,0,0,
email-subject-generator,Email Subject Line Generator,ai-writing-generators,template,yes,no,no,no,yes,yes,no,yes,,,no,,no,0,0,
minecraft-text-generator,Minecraft Text Generator,text-font-generators,text-transform,yes,no,no,no,yes,yes,yes,yes,,,no,,no,0,0,
dark-souls-text-generator,Dark Souls Message Generator,gaming-generators,random-combo,yes,no,no,no,yes,yes,yes,yes,,,no,,no,0,0,
star-wars-text-generator,Star Wars Text Generator,gaming-generators,template,yes,no,no,no,yes,yes,yes,yes,,,no,,no,0,0,
spongebob-text-generator,Spongebob Text Generator,text-font-generators,text-transform,yes,no,no,no,yes,yes,yes,yes,,,no,,no,0,0,
undertale-text-generator,Undertale Text Generator,gaming-generators,text-transform,yes,no,no,no,yes,yes,yes,yes,,,no,,no,0,0,
pokemon-text-generator,Pokemon Text Generator,gaming-generators,random-combo,yes,no,no,no,yes,yes,yes,yes,,,no,,no,0,0,
drag-name-generator,Drag Queen Name Generator,creative-generators,random-combo,yes,no,no,no,yes,yes,no,yes,,,no,,no,0,0,
gamertag-generator,Gamertag Generator,gaming-generators,random-combo,yes,no,no,no,yes,yes,no,yes,,,no,,no,0,0,
dragonborn-name-generator,Dragonborn Name Generator,gaming-generators,random-combo,yes,no,no,no,yes,yes,no,yes,,,no,,no,0,0,
email-name-generator,Email Address Name Generator,business-generators,template,yes,no,no,no,yes,yes,no,yes,,,no,,no,0,0,
synonym-generator,Synonym Generator,ai-writing-generators,template,yes,no,no,no,yes,yes,no,yes,,,no,,no,0,0,
footnote-generator,Footnote Generator,ai-writing-generators,template,yes,no,no,no,yes,yes,no,yes,,,no,,no,0,0,
all-caps-generator,ALL CAPS Generator,text-font-generators,text-transform,yes,no,no,no,yes,yes,no,yes,,,no,,no,0,0,
lowercase-generator,Lowercase Generator,text-font-generators,text-transform,yes,no,no,no,yes,yes,no,yes,,,no,,no,0,0,
corporate-speak-generator,Corporate Speak Generator,random-generators,random-combo,yes,no,no,no,yes,yes,no,yes,,,no,,no,0,0,
random-word-generator,Random Word Generator,random-generators,random-combo,yes,no,no,no,yes,yes,no,yes,,,no,,no,0,0,
dialogue-tag-generator,Dialogue Tag Generator,ai-writing-generators,random-combo,yes,no,no,no,yes,yes,no,yes,,,no,,no,0,0,
name-tag-generator,Name Tag Generator,utility-generators,template,yes,no,no,no,yes,yes,no,yes,,,no,,no,0,0,
graffiti-text-generator,Graffiti Text Generator,text-font-generators,text-transform,yes,no,no,no,yes,yes,no,yes,,,no,,no,0,0,
tag-cloud-generator,Tag Cloud Generator,seo-generators,utility,yes,no,no,no,yes,yes,no,yes,,,no,,no,0,0,
blog-tag-generator,Blog Tag Generator,seo-generators,template,yes,no,no,no,yes,yes,no,yes,,,no,,no,0,0,
random-height-generator,Random Height Generator,random-generators,random-combo,yes,no,no,no,yes,yes,no,yes,,,no,,no,0,0,
essay-title-generator,Essay Title Generator,ai-writing-generators,template,yes,no,no,no,yes,yes,no,yes,,,no,,no,0,0,
ao3-tag-generator,AO3 Tag Generator,creative-generators,template,yes,no,no,no,yes,yes,yes,yes,,,no,,no,0,0,
stable-diffusion-prompt-generator,Stable Diffusion Prompt Generator,ai-writing-generators,random-combo,yes,no,no,no,yes,yes,yes,yes,,,no,,no,0,0,
character-prompt-generator,Character Prompt Generator,creative-generators,random-combo,yes,no,no,no,yes,yes,no,yes,,,no,,no,0,0,
content-brief-generator,Content Brief Generator,ai-writing-generators,template,yes,no,no,no,yes,yes,no,yes,,,no,,no,0,0,
press-release-generator,Press Release Generator,ai-writing-generators,template,yes,no,no,no,yes,yes,no,yes,,,no,,no,0,0,
author-bio-generator,Author Bio Generator,bio-caption-generators,template,yes,no,no,no,yes,yes,no,yes,,,no,,no,0,0,
x-post-generator,X/Twitter Post Generator,bio-caption-generators,template,yes,no,no,no,yes,yes,yes,yes,,,no,,no,0,0,
viral-hook-generator,Viral Hook Generator,ai-writing-generators,template,yes,no,no,no,yes,yes,no,yes,,,no,,no,0,0,
content-calendar-generator,Content Calendar Generator,seo-generators,template,yes,no,no,no,yes,yes,yes,yes,,,no,,no,0,0,
tagline-generator,Tagline Generator,business-generators,random-combo,yes,no,no,no,yes,yes,no,yes,,,no,,no,0,0,
text-shadow-generator,CSS Text Shadow Generator,developer-generators,random-combo,yes,no,no,no,yes,yes,no,yes,,,no,,no,0,0,
css-grid-generator,CSS Grid Generator,developer-generators,utility,yes,no,no,no,yes,yes,no,yes,,,no,,no,0,0,
flexbox-generator,CSS Flexbox Generator,developer-generators,utility,yes,no,no,no,yes,yes,no,yes,,,no,,no,0,0,
html-table-generator,HTML Table Generator,developer-generators,utility,yes,no,no,no,yes,yes,no,yes,,,no,,no,0,0,
dummy-data-generator,Dummy Data Generator,developer-generators,random-combo,yes,no,no,no,yes,yes,no,yes,,,no,,no,0,0,
random-address-generator,Random Address Generator,random-generators,random-combo,yes,no,no,no,yes,yes,yes,yes,,,no,,no,0,0,
raffle-generator,Raffle Generator,random-generators,utility,yes,no,no,no,yes,yes,no,yes,,,no,,no,0,0,
giveaway-generator,Giveaway Winner Generator,random-generators,utility,yes,no,no,no,yes,yes,no,yes,,,no,,no,0,0,
character-backstory-generator,Character Backstory Generator,creative-generators,random-combo,yes,no,no,no,yes,yes,no,yes,,,no,,no,0,0,
worldbuilding-generator,Worldbuilding Generator,creative-generators,random-combo,yes,no,no,no,yes,yes,no,yes,,,no,,no,0,0,
roast-generator,Roast Generator,random-generators,random-combo,yes,no,no,no,yes,yes,yes,yes,,,no,,no,0,0,
quiz-generator,Quiz Question Generator,ai-writing-generators,template,yes,no,no,no,yes,yes,no,yes,,,no,,no,0,0,
thesis-statement-generator,Thesis Statement Generator,ai-writing-generators,template,yes,no,no,no,yes,yes,no,yes,,,no,,no,0,0,
landing-page-copy-generator,Landing Page Copy Generator,ai-writing-generators,template,yes,no,no,no,yes,yes,no,yes,,,no,,no,0,0,
json-schema-generator,JSON Schema Generator,developer-generators,utility,yes,no,no,no,yes,yes,no,yes,,,no,,no,0,0,
typescript-type-generator,TypeScript Type Generator,developer-generators,utility,yes,no,no,no,yes,yes,no,yes,,,no,,no,0,0,
sql-query-generator,SQL Query Generator,developer-generators,template,yes,no,no,no,yes,yes,no,yes,,,no,,no,0,0,
htaccess-generator,.htaccess Generator,developer-generators,utility,yes,no,no,no,yes,yes,no,yes,,,no,,no,0,0,
pwa-manifest-generator,PWA Manifest Generator,developer-generators,utility,yes,no,no,no,yes,yes,no,yes,,,no,,no,0,0,
form-generator,HTML Form Generator,developer-generators,utility,yes,no,no,no,yes,yes,no,yes,,,no,,no,0,0,
jwt-generator,JWT Token Generator,developer-generators,utility,yes,no,no,no,yes,yes,yes,yes,,,no,,no,0,0,
random-id-generator,Random ID Generator,developer-generators,random-combo,yes,no,no,no,yes,yes,no,yes,,,no,,no,0,0,
flashcard-generator,Flashcard Generator,ai-writing-generators,template,yes,no,no,no,yes,yes,no,yes,,,no,,no,0,0,
study-plan-generator,Study Plan Generator,ai-writing-generators,template,yes,no,no,no,yes,yes,no,yes,,,no,,no,0,0,
lesson-plan-generator,Lesson Plan Generator,ai-writing-generators,template,yes,no,no,no,yes,yes,no,yes,,,no,,no,0,0,
research-question-generator,Research Question Generator,ai-writing-generators,template,yes,no,no,no,yes,yes,no,yes,,,no,,no,0,0,
bibliography-generator,Bibliography Generator,ai-writing-generators,template,yes,no,no,no,yes,yes,no,yes,,,no,,no,0,0,
essay-topic-generator,Essay Topic Generator,ai-writing-generators,random-combo,yes,no,no,no,yes,yes,no,yes,,,no,,no,0,0,
multiple-choice-generator,Multiple Choice Question Generator,ai-writing-generators,template,yes,no,no,no,yes,yes,no,yes,,,no,,no,0,0,
product-bullet-points-generator,Product Bullet Points Generator,business-generators,template,yes,no,no,no,yes,yes,no,yes,,,no,,no,0,0,
amazon-listing-generator,Amazon Listing Generator,business-generators,template,yes,no,no,no,yes,yes,yes,yes,,,no,,no,0,0,
etsy-listing-generator,Etsy Listing Generator,business-generators,template,yes,no,no,no,yes,yes,yes,yes,,,no,,no,0,0,
customer-persona-generator,Customer Persona Generator,business-generators,random-combo,yes,no,no,no,yes,yes,no,yes,,,no,,no,0,0,
youtube-hook-generator,YouTube Hook Generator,bio-caption-generators,template,yes,no,no,no,yes,yes,yes,yes,,,no,,no,0,0,
linkedin-summary-generator,LinkedIn Summary Generator,bio-caption-generators,template,yes,no,no,no,yes,yes,yes,yes,,,no,,no,0,0,
sales-email-generator,Sales Email Generator,ai-writing-generators,template,yes,no,no,no,yes,yes,no,yes,,,no,,no,0,0,
follow-up-email-generator,Follow-Up Email Generator,ai-writing-generators,template,yes,no,no,no,yes,yes,no,yes,,,no,,no,0,0,
image-alt-text-generator,Image Alt Text Generator,seo-generators,template,yes,no,no,no,yes,yes,no,yes,,,no,,no,0,0,
video-prompt-generator,Video Prompt Generator,creative-generators,random-combo,yes,no,no,no,yes,yes,no,yes,,,no,,no,0,0,
productivity-prompt-generator,Productivity Prompt Generator,ai-writing-generators,random-combo,yes,no,no,no,yes,yes,no,yes,,,no,,no,0,0,
brand-kit-generator,Brand Kit Generator,business-generators,random-combo,yes,no,no,no,yes,yes,no,yes,,,no,,no,0,0,
random-list-generator,Random List Generator,random-generators,utility,yes,no,no,no,yes,yes,no,yes,,,no,,no,0,0,
random-color-generator,Random Color Generator,random-generators,random-combo,yes,no,no,no,yes,yes,no,yes,,,no,,no,0,0,
dnd-character-generator,D&D Character Generator,gaming-generators,random-combo,yes,no,no,no,yes,yes,no,yes,,,no,,no,0,0,
dungeon-generator,Dungeon Generator,gaming-generators,random-combo,yes,no,no,no,yes,yes,no,yes,,,no,,no,0,0,
worksheet-generator,Worksheet Generator,ai-writing-generators,template,yes,no,no,no,yes,yes,no,yes,,,no,,no,0,0,
rubric-generator,Rubric Generator,ai-writing-generators,template,yes,no,no,no,yes,yes,no,yes,,,no,,no,0,0,
assignment-generator,Assignment Generator,ai-writing-generators,template,yes,no,no,no,yes,yes,no,yes,,,no,,no,0,0,
graphql-query-generator,GraphQL Query Generator,developer-generators,template,yes,no,no,no,yes,yes,no,yes,,,no,,no,0,0,
mock-api-generator,Mock API Generator,developer-generators,random-combo,yes,no,no,no,yes,yes,no,yes,,,no,,no,0,0,
wheel-spinner-generator,Wheel Spinner Generator,random-generators,utility,yes,no,no,no,yes,yes,yes,yes,,,no,,no,0,0,
product-benefits-generator,Product Benefits Generator,business-generators,template,yes,no,no,no,yes,yes,no,yes,,,no,,no,0,0,
pattern-generator,CSS Pattern Generator,developer-generators,random-combo,yes,no,no,no,yes,yes,no,yes,,,no,,no,0,0,
blob-generator,CSS Blob Generator,developer-generators,random-combo,yes,no,no,no,yes,yes,no,yes,,,no,,no,0,0,
wave-generator,CSS Wave Generator,developer-generators,random-combo,yes,no,no,no,yes,yes,no,yes,,,no,,no,0,0,
viking-name-generator,Viking Name Generator,gaming-generators,random-combo,yes,no,no,no,yes,yes,no,yes,,,no,,no,0,0,
wizard-name-generator,Wizard Name Generator,gaming-generators,random-combo,yes,no,no,no,yes,yes,no,yes,,,no,,no,0,0,
villain-name-generator,Villain Name Generator,gaming-generators,random-combo,yes,no,no,no,yes,yes,no,yes,,,no,,no,0,0,
werewolf-name-generator,Werewolf Name Generator,gaming-generators,random-combo,yes,no,no,no,yes,yes,no,yes,,,no,,no,0,0,
japanese-name-generator,Japanese Name Generator,name-generators,random-combo,yes,no,no,no,yes,yes,no,yes,,,no,,no,0,0,
korean-name-generator,Korean Name Generator,name-generators,random-combo,yes,no,no,no,yes,yes,no,yes,,,no,,no,0,0,
city-name-generator,City Name Generator,gaming-generators,random-combo,yes,no,no,no,yes,yes,no,yes,,,no,,no,0,0,
restaurant-name-generator,Restaurant Name Generator,business-generators,random-combo,yes,no,no,no,yes,yes,no,yes,,,no,,no,0,0,
coffee-shop-name-generator,Coffee Shop Name Generator,business-generators,random-combo,yes,no,no,no,yes,yes,no,yes,,,no,,no,0,0,
album-name-generator,Album Name Generator,creative-generators,random-combo,yes,no,no,no,yes,yes,no,yes,,,no,,no,0,0,
book-name-generator,Book Name Generator,creative-generators,random-combo,yes,no,no,no,yes,yes,no,yes,,,no,,no,0,0,
movie-name-generator,Movie Name Generator,creative-generators,random-combo,yes,no,no,no,yes,yes,no,yes,,,no,,no,0,0,
roblox-username-generator,Roblox Username Generator,gaming-generators,random-combo,yes,no,no,no,yes,yes,yes,yes,,,no,,no,0,0,
tiktok-username-generator,TikTok Username Generator,social-media-tools,random-combo,yes,no,no,no,yes,yes,yes,yes,,,no,,no,0,0,
receipt-generator,Receipt Generator,business-generators,random-combo,yes,no,no,no,yes,yes,yes,yes,,,no,,no,0,0,
nda-generator,NDA Generator,utility-generators,random-combo,yes,no,no,no,yes,yes,yes,yes,,,no,,no,0,0,
newsletter-name-generator,Newsletter Name Generator,business-generators,random-combo,yes,no,no,no,yes,yes,no,yes,,,no,,no,0,0,
price-tag-generator,Price Tag Generator,utility-generators,utility,yes,no,no,no,yes,yes,no,yes,,,no,,no,0,0,
product-tag-generator,Product Tag Generator,utility-generators,utility,yes,no,no,no,yes,yes,no,yes,,,no,,no,0,0,
clothing-tag-generator,Clothing Tag Generator,utility-generators,utility,yes,no,no,no,yes,yes,no,yes,,,no,,no,0,0,
minutes-of-meeting-generator,Minutes Of Meeting Generator,business-generators,text-transform,yes,no,no,no,yes,yes,no,yes,,,no,,no,0,0,
event-name-generator,Event Name Generator,business-generators,random-combo,yes,no,no,no,yes,yes,no,yes,,,no,,no,0,0,
college-name-generator,College Name Generator,creative-generators,random-combo,yes,no,no,no,yes,yes,yes,yes,,,no,,no,0,0,
diner-name-generator,Diner Name Generator,business-generators,random-combo,yes,no,no,no,yes,yes,no,yes,,,no,,no,0,0,
flower-name-generator,Flower Name Generator,creative-generators,random-combo,yes,no,no,no,yes,yes,no,yes,,,no,,no,0,0,
newspaper-name-generator,Newspaper Name Generator,creative-generators,random-combo,yes,no,no,no,yes,yes,no,yes,,,no,,no,0,0,
plant-name-generator,Plant Name Generator,creative-generators,random-combo,yes,no,no,no,yes,yes,no,yes,,,no,,no,0,0,
sibling-name-generator,Sibling Name Generator,name-generators,random-combo,yes,no,no,no,yes,yes,no,yes,,,no,,no,0,0,
pick-a-name-generator,Pick A Name Generator,utility-generators,utility,yes,no,no,no,yes,yes,no,yes,,,no,,no,0,0,
name-generator-wheel,Name Generator Wheel,utility-generators,utility,yes,no,no,no,yes,yes,no,yes,,,no,,no,0,0,
cake-company-names-generator,Cake Company Names Generator,business-generators,random-combo,yes,no,no,no,yes,yes,no,yes,,,no,,no,0,0,
car-name-generator,Car Name Generator,creative-generators,random-combo,yes,no,no,no,yes,yes,no,yes,,,no,,no,0,0,
title-name-generator,Title Name Generator,creative-generators,random-combo,yes,no,no,no,yes,yes,no,yes,,,no,,no,0,0,
geo-tag-generator,Geo Tag Generator,utility-generators,utility,yes,no,no,no,yes,yes,yes,yes,,,no,,no,0,0,
pet-tag-generator,Pet Tag Generator,utility-generators,utility,yes,no,no,no,yes,yes,no,yes,,,no,,no,0,0,
dj-tag-generator,DJ Tag Generator,utility-generators,random-combo,yes,no,no,no,yes,yes,no,yes,,,no,,no,0,0,
clan-tag-generator,Clan Tag Generator,utility-generators,random-combo,yes,no,no,no,yes,yes,no,yes,,,no,,no,0,0,
hang-tag-generator,Hang Tag Generator,utility-generators,utility,yes,no,no,no,yes,yes,no,yes,,,no,,no,0,0,
art-tag-generator,Art Tag Generator,utility-generators,utility,yes,no,no,no,yes,yes,yes,yes,,,no,,no,0,0,
email-tag-generator,Email Tag Generator,utility-generators,utility,yes,no,no,no,yes,yes,yes,yes,,,no,,no,0,0,
tag-team-name-generator,Tag Team Name Generator,creative-generators,random-combo,yes,no,no,no,yes,yes,no,yes,,,no,,no,0,0,
warrior-name-generator,Warrior Name Generator,creative-generators,random-combo,yes,no,no,no,yes,yes,no,yes,,,no,,no,0,0,
secret-santa-name-generator,Secret Santa Name Generator,utility-generators,utility,yes,no,no,no,yes,yes,no,yes,,,no,,no,0,0,
anagram-of-name-generator,Anagram Of Name Generator,utility-generators,utility,yes,no,no,no,yes,yes,no,yes,,,no,,no,0,0,
cyberpunk-name-generator,Cyberpunk Name Generator,creative-generators,random-combo,yes,no,no,no,yes,yes,no,yes,,,no,,no,0,0,
goth-name-generator,Goth Name Generator,creative-generators,random-combo,yes,no,no,no,yes,yes,no,yes,,,no,,no,0,0,
project-name-generator-keywords,Project Name Generator Keywords,business-generators,random-combo,yes,no,no,no,yes,yes,no,yes,,,no,,no,0,0,
scifi-name-generator,Sci-Fi Name Generator,creative-generators,random-combo,yes,no,no,no,yes,yes,no,yes,,,no,,no,0,0,
last-name-and-first-name-generator,First And Last Name Generator,name-generators,random-combo,yes,no,no,no,yes,yes,no,yes,,,no,,no,0,0,
baby-name-generator-with-last-name,Baby Name Generator With Last Name,name-generators,random-combo,yes,no,no,no,yes,yes,no,yes,,,no,,no,0,0,
nickname-generator-based-on-name,Nickname Generator Based On Name,name-generators,utility,yes,no,no,no,yes,yes,no,yes,,,no,,no,0,0,
phonetic-spelling-of-name-generator,Phonetic Spelling Generator,utility-generators,utility,yes,no,no,no,yes,yes,no,yes,,,no,,no,0,0,
ipa-generator,IPA Generator,utility-generators,utility,yes,no,no,no,yes,yes,no,yes,,,no,,no,0,0,
name-combination-generator,Name Combination Generator,utility-generators,utility,yes,no,no,no,yes,yes,no,yes,,,no,,no,0,0,
performer-names-generator,Performer Names Generator,business-generators,random-combo,yes,no,no,no,yes,yes,no,yes,,,no,,no,0,0,
disc-jockey-names-generator,DJ Name Generator,business-generators,random-combo,yes,no,no,no,yes,yes,no,yes,,,no,,no,0,0,
name-pronunciation-generator,Name Pronunciation Generator,utility-generators,utility,yes,no,no,no,yes,yes,no,yes,,,no,,no,0,0,
fantasy-language-generator,Fantasy Language Generator,creative-generators,random-combo,yes,no,no,no,yes,yes,no,yes,,,no,,no,0,0,
color-palette-generator-from-name,Color Palette Generator From Name,utility-generators,utility,yes,no,no,no,yes,yes,no,yes,,,no,,no,0,0,
mountain-name-generator,Mountain Name Generator,gaming-generators,random-combo,yes,no,no,no,yes,yes,no,yes,,,no,,no,0,0,
forest-name-generator,Forest Name Generator,gaming-generators,random-combo,yes,no,no,no,yes,yes,no,yes,,,no,,no,0,0,
team-name-generator-using-keywords,Team Name Generator By Keyword,utility-generators,utility,yes,no,no,no,yes,yes,no,yes,,,no,,no,0,0,
trademark-friendly-name-generator,Trademark-Friendly Name Generator,business-generators,random-combo,yes,no,no,no,yes,yes,no,yes,,,no,,no,0,0,
acceptable-use-policy-generator,Acceptable Use Policy Generator,business-generators,utility,yes,no,no,no,yes,yes,yes,yes,,,no,,no,0,0,
app-icon-generator,App Icon Generator,business-generators,utility,yes,no,no,no,yes,yes,no,yes,,,no,,no,0,0,
app-name-generator,App Name Generator,business-generators,random-combo,yes,no,no,no,yes,yes,no,yes,,,no,,no,0,0,
bakery-name-generator,Bakery Name Generator,business-generators,random-combo,yes,no,no,no,yes,yes,no,yes,,,no,,no,0,0,
banner-generator,Banner Generator,text-font-generators,utility,yes,no,no,no,yes,yes,no,yes,,,no,,no,0,0,
barbarian-name-generator,Barbarian Name Generator,gaming-generators,utility,yes,no,no,no,yes,yes,no,yes,,,no,,no,0,0,
big-text-generator,Big Text Generator,text-font-generators,utility,yes,no,no,no,yes,yes,no,yes,,,no,,no,0,0,
brat-text-generator,Brat Text Generator,text-font-generators,utility,yes,no,no,no,yes,yes,no,yes,,,no,,no,0,0,
breadcrumb-generator,Breadcrumb Generator,seo-generators,utility,yes,no,no,no,yes,yes,no,yes,,,no,,no,0,0,
bubble-text-generator,Bubble Text Generator,text-font-generators,utility,yes,no,no,no,yes,yes,no,yes,,,no,,no,0,0,
business-card-generator,Business Card Generator,business-generators,utility,yes,no,no,no,yes,yes,no,yes,,,no,,no,0,0,
castle-name-generator,Castle Name Generator,gaming-generators,utility,yes,no,no,no,yes,yes,no,yes,,,no,,no,0,0,
channel-name-generator,Channel Name Generator,social-media-tools,random-combo,yes,no,no,no,yes,yes,no,yes,,,no,,no,0,0,
chatgpt-prompt-generator,ChatGPT Prompt Generator,ai-writing-generators,utility,yes,no,no,no,yes,yes,yes,yes,,,no,,no,0,0,
club-name-generator,Club Name Generator,name-generators,utility,yes,no,no,no,yes,yes,no,yes,,,no,,no,0,0,
cocktail-name-generator,Cocktail Name Generator,creative-generators,utility,yes,no,no,no,yes,yes,no,yes,,,no,,no,0,0,
contract-generator,Contract Generator,business-generators,utility,yes,no,no,no,yes,yes,yes,yes,,,no,,no,0,0,
cowboy-name-generator,Cowboy Name Generator,gaming-generators,utility,yes,no,no,no,yes,yes,no,yes,,,no,,no,0,0,
css-code-generator,CSS Code Generator,developer-generators,utility,yes,no,no,no,yes,yes,no,yes,,,no,,no,0,0,
cursive-name-generator,Cursive Name Generator,text-font-generators,utility,yes,no,no,no,yes,yes,no,yes,,,no,,no,0,0,
cute-text-generator,Cute Text Generator,text-font-generators,utility,yes,no,no,no,yes,yes,no,yes,,,no,,no,0,0,
dalle-prompt-generator,DALL-E Prompt Generator,ai-writing-generators,utility,yes,no,no,no,yes,yes,yes,yes,,,no,,no,0,0,
dinosaur-name-generator,Dinosaur Name Generator,name-generators,utility,yes,no,no,no,yes,yes,no,yes,,,no,,no,0,0,
display-name-generator,Display Name Generator,social-media-tools,utility,yes,no,no,no,yes,yes,no,yes,,,no,,no,0,0,
dj-name-generator,DJ Name Generator,creative-generators,utility,yes,no,no,no,yes,yes,no,yes,,,no,,no,0,0,
dmca-policy-generator,DMCA Policy Generator,business-generators,utility,yes,no,no,no,yes,yes,yes,yes,,,no,,no,0,0,
dog-name-generator,Dog Name Generator,name-generators,utility,yes,no,no,no,yes,yes,no,yes,,,no,,no,0,0,
estimate-generator,Estimate Generator,business-generators,utility,yes,no,no,no,yes,yes,no,yes,,,no,,no,0,0,
fake-text-generator,Fake Text Generator,ai-writing-generators,utility,yes,no,no,no,yes,yes,yes,yes,,,no,,no,0,0,
farm-name-generator,Farm Name Generator,business-generators,random-combo,yes,no,no,no,yes,yes,no,yes,,,no,,no,0,0,
favicon-generator,Favicon Generator,developer-generators,utility,yes,no,no,no,yes,yes,no,yes,,,no,,no,0,0,
food-truck-name-generator,Food Truck Name Generator,business-generators,random-combo,yes,no,no,no,yes,yes,no,yes,,,no,,no,0,0,
funny-name-generator,Funny Name Generator,name-generators,utility,yes,no,no,no,yes,yes,no,yes,,,no,,no,0,0,
gnome-name-generator,Gnome Name Generator,gaming-generators,utility,yes,no,no,no,yes,yes,no,yes,,,no,,no,0,0,
hotel-name-generator,Hotel Name Generator,business-generators,random-combo,yes,no,no,no,yes,yes,no,yes,,,no,,no,0,0,
html-code-generator,HTML Code Generator,developer-generators,utility,yes,no,no,no,yes,yes,no,yes,,,no,,no,0,0,
invisible-text-generator,Invisible Text Generator,text-font-generators,utility,yes,no,no,no,yes,yes,no,yes,,,no,,no,0,0,
letterhead-generator,Letterhead Generator,business-generators,utility,yes,no,no,no,yes,yes,no,yes,,,no,,no,0,0,
logo-generator,Logo Generator,business-generators,utility,yes,no,no,no,yes,yes,no,yes,,,no,,no,0,0,
mermaid-name-generator,Mermaid Name Generator,gaming-generators,utility,yes,no,no,no,yes,yes,no,yes,,,no,,no,0,0,
meta-description-generator,Meta Description Generator,seo-generators,utility,yes,no,no,no,yes,yes,no,yes,,,no,,no,0,0,
monster-name-generator,Monster Name Generator,gaming-generators,utility,yes,no,no,no,yes,yes,no,yes,,,no,,no,0,0,
mood-board-generator,Mood Board Generator,creative-generators,utility,yes,no,no,no,yes,yes,no,yes,,,no,,no,0,0,
pen-name-generator,Pen Name Generator,name-generators,utility,yes,no,no,no,yes,yes,no,yes,,,no,,no,0,0,
pet-name-generator,Pet Name Generator,name-generators,utility,yes,no,no,no,yes,yes,no,yes,,,no,,no,0,0,
pixel-text-generator,Pixel Text Generator,text-font-generators,utility,yes,no,no,no,yes,yes,no,yes,,,no,,no,0,0,
playlist-name-generator,Playlist Name Generator,creative-generators,utility,yes,no,no,no,yes,yes,no,yes,,,no,,no,0,0,
proposal-generator,Proposal Generator,business-generators,utility,yes,no,no,no,yes,yes,no,yes,,,no,,no,0,0,
purchase-order-generator,Purchase Order Generator,business-generators,utility,yes,no,no,no,yes,yes,yes,yes,,,no,,no,0,0,
qr-code-generator,QR Code Generator,utility-generators,utility,yes,no,no,no,yes,yes,no,yes,,,no,,no,0,0,
quotation-generator,Quotation Generator,business-generators,utility,yes,no,no,no,yes,yes,yes,yes,,,no,,no,0,0,
ransom-note-text-generator,Ransom Note Text Generator,text-font-generators,utility,yes,no,no,no,yes,yes,yes,yes,,,no,,no,0,0,
retro-text-generator,Retro Text Generator,text-font-generators,utility,yes,no,no,no,yes,yes,no,yes,,,no,,no,0,0,
return-policy-generator,Return Policy Generator,business-generators,utility,yes,no,no,no,yes,yes,yes,yes,,,no,,no,0,0,
robot-name-generator,Robot Name Generator,gaming-generators,utility,yes,no,no,no,yes,yes,no,yes,,,no,,no,0,0,
salon-name-generator,Salon Name Generator,business-generators,random-combo,yes,no,no,no,yes,yes,no,yes,,,no,,no,0,0,
service-agreement-generator,Service Agreement Generator,business-generators,utility,yes,no,no,no,yes,yes,yes,yes,,,no,,no,0,0,
ship-name-generator,Ship Name Generator,creative-generators,utility,yes,no,no,no,yes,yes,no,yes,,,no,,no,0,0,
shopify-product-description-generator,Shopify Product Description Generator,business-generators,template,yes,no,no,no,yes,yes,yes,yes,,,no,,no,0,0,
short-code-generator,Short Code Generator,utility-generators,utility,yes,no,no,no,yes,yes,no,yes,,,no,,no,0,0,
sigil-generator,Sigil Generator,creative-generators,utility,yes,no,no,no,yes,yes,no,yes,,,no,,no,0,0,
sitemap-generator,Sitemap Generator,seo-generators,utility,yes,no,no,no,yes,yes,no,yes,,,no,,no,0,0,
sith-name-generator,Sith Name Generator,gaming-generators,utility,yes,no,no,no,yes,yes,yes,yes,,,no,,no,0,0,
spaceship-name-generator,Spaceship Name Generator,creative-generators,utility,yes,no,no,no,yes,yes,no,yes,,,no,,no,0,0,
sports-team-name-generator,Sports Team Name Generator,name-generators,utility,yes,no,no,no,yes,yes,no,yes,,,no,,no,0,0,
tattoo-name-generator,Tattoo Name Generator,text-font-generators,utility,yes,no,no,no,yes,yes,no,yes,,,no,,no,0,0,
token-generator,Token Generator,developer-generators,utility,yes,no,no,no,yes,yes,yes,yes,,,no,,no,0,0,
typewriter-text-generator,Typewriter Text Generator,text-font-generators,utility,yes,no,no,no,yes,yes,no,yes,,,no,,no,0,0,
ancient-greek-inspired-name-generator,Ancient Greek-Inspired Name Generator,creative-generators,random-combo,yes,no,no,no,yes,yes,no,yes,,,no,,no,0,0,
roman-inspired-character-name-generator,Roman-Inspired Character Name Generator,creative-generators,random-combo,yes,no,no,no,yes,yes,no,yes,,,no,,no,0,0,
ancient-egyptian-inspired-name-generator,Ancient Egyptian-Inspired Name Generator,creative-generators,random-combo,yes,no,no,no,yes,yes,no,yes,,,no,,no,0,0,
iupac-name-generator,IUPAC Name Generator,utility-generators,utility,yes,no,no,no,yes,yes,no,yes,,,no,,no,0,0,
victorian-name-generator,Victorian Name Generator,name-generators,random-combo,yes,no,no,no,yes,yes,no,yes,,,no,,no,0,0,
racehorse-name-generator,Racehorse Name Generator,name-generators,random-combo,yes,no,no,no,yes,yes,no,yes,,,no,,no,0,0,
emo-name-generator,Emo Name Generator,creative-generators,random-combo,yes,no,no,no,yes,yes,no,yes,,,no,,no,0,0,
poster-generator,Poster Generator,business-generators,template,yes,no,no,no,yes,yes,no,yes,,,no,,no,0,0,
flyer-generator,Flyer Generator,business-generators,template,yes,no,no,no,yes,yes,no,yes,,,no,,no,0,0,
fantasy-map-generator,Fantasy Map Generator,gaming-generators,visual,yes,no,no,no,yes,yes,no,yes,,,no,,no,0,0,
papyrus-generator,Papyrus Generator,text-font-generators,text-transform,yes,no,no,no,yes,yes,no,yes,,,no,,no,0,0,
serif-generator,Serif Generator,text-font-generators,text-transform,yes,no,no,no,yes,yes,no,yes,,,no,,no,0,0,
