"canonicalToolId","language","primaryKeyword","localizedSlug","h1","faqTopics"
"name-generator","ru","генератор имён","generator-imen","Генератор имён","оригинальные имена | как выбрать имя | проверка доступности"
"name-generator","tr","isim oluşturucu","isim-olusturucu","İsim oluşturucu","özgün isimler | isim seçme | uygunluk kontrolü"
"name-generator","id","generator nama","generator-nama","Generator nama","nama unik | memilih nama | cek ketersediaan"
"username-generator","ru","генератор никнеймов","generator-nikneymov","Генератор никнеймов","оригинальный ник | ник для соцсетей | проверка ника"
"username-generator","tr","kullanıcı adı oluşturucu","kullanici-adi-olusturucu","Kullanıcı adı oluşturucu","özgün kullanıcı adı | sosyal medya adı | uygunluk kontrolü"
"username-generator","id","generator username","generator-username","Generator username","username unik | nama akun sosial | cek username"
"business-name-generator","ru","генератор названий компаний","generator-nazvaniy-kompaniy","Генератор названий компаний","название компании | идеи для бизнеса | проверка бренда"
"business-name-generator","tr","şirket adı oluşturucu","sirket-adi-olusturucu","Şirket adı oluşturucu","şirket adı | iş fikri adları | marka kontrolü"
"business-name-generator","id","generator nama bisnis","generator-nama-bisnis","Generator nama bisnis","nama bisnis | ide usaha | cek merek"
"fantasy-name-generator","ru","генератор фэнтези-имён","generator-fentezi-imen","Генератор фэнтези-имён","фэнтези-имена | имена для ролевых игр | названия миров"
"fantasy-name-generator","tr","fantastik isim oluşturucu","fantastik-isim-olusturucu","Fantastik isim oluşturucu","fantastik isimler | rol yapma isimleri | dünya adları"
"fantasy-name-generator","id","generator nama fantasi","generator-nama-fantasi","Generator nama fantasi","nama fantasi | nama RPG | nama dunia fiksi"
"character-name-generator","ru","генератор имён персонажей","generator-imen-personazhey","Генератор имён персонажей","имена персонажей | персонажи для истории | имя для сценария"
"character-name-generator","tr","karakter ismi oluşturucu","karakter-ismi-olusturucu","Karakter ismi oluşturucu","karakter isimleri | hikaye karakteri | senaryo isimleri"
"character-name-generator","id","generator nama karakter","generator-nama-karakter","Generator nama karakter","nama karakter | karakter cerita | nama untuk naskah"
"baby-name-generator","ru","генератор детских имён","generator-detskih-imen","Генератор детских имён","имена для девочек | имена для мальчиков | значение имён"
"baby-name-generator","tr","bebek ismi oluşturucu","bebek-ismi-olusturucu","Bebek ismi oluşturucu","kız bebek isimleri | erkek bebek isimleri | isim anlamları"
"baby-name-generator","id","generator nama bayi","generator-nama-bayi","Generator nama bayi","nama bayi perempuan | nama bayi laki-laki | arti nama"
"last-name-generator","ru","генератор фамилий","generator-familiy","Генератор фамилий","выдуманные фамилии | фамилия для персонажа | оригинальные фамилии"
"last-name-generator","tr","soyadı oluşturucu","soyadi-olusturucu","Soyadı oluşturucu","kurgusal soyadları | karakter soyadı | özgün soyadları"
"last-name-generator","id","generator nama belakang","generator-nama-belakang","Generator nama belakang","nama keluarga fiksi | nama belakang karakter | marga unik"
"middle-name-generator","ru","генератор второго имени","generator-vtorogo-imeni","Генератор второго имени","второе имя | сочетания имен | подбор имени"
"middle-name-generator","tr","ikinci isim oluşturucu","ikinci-isim-olusturucu","İkinci isim oluşturucu","ikinci isim | isim kombinasyonları | isim uyumu"
"middle-name-generator","id","generator nama tengah","generator-nama-tengah","Generator nama tengah","nama tengah | kombinasi nama | pasangan nama"
"team-name-generator","ru","генератор названий команд","generator-nazvaniy-komand","Генератор названий команд","названия команд | названия групп | смешные названия"
"team-name-generator","tr","takım adı oluşturucu","takim-adi-olusturucu","Takım adı oluşturucu","takım adları | grup adları | eğlenceli adlar"
"team-name-generator","id","generator nama tim","generator-nama-tim","Generator nama tim","nama tim | nama grup | nama tim lucu"
"domain-name-generator","ru","генератор доменных имён","generator-domennyh-imen","Генератор доменных имён","идеи доменов | домен для сайта | проверка домена"
"domain-name-generator","tr","alan adı oluşturucu","alan-adi-olusturucu","Alan adı oluşturucu","alan adı fikirleri | site alan adı | domain kontrolü"
"domain-name-generator","id","generator nama domain","generator-nama-domain","Generator nama domain","ide domain | domain untuk situs | cek domain"
"product-name-generator","ru","генератор названий продуктов","generator-nazvaniy-produktov","Генератор названий продуктов","название продукта | идеи продукта | нейминг продукта"
"product-name-generator","tr","ürün adı oluşturucu","urun-adi-olusturucu","Ürün adı oluşturucu","ürün adı | ürün fikirleri | ürün isimlendirme"
"product-name-generator","id","generator nama produk","generator-nama-produk","Generator nama produk","nama produk | ide produk | penamaan produk"
"project-name-generator","ru","генератор названий проектов","generator-nazvaniy-proektov","Генератор названий проектов","название проекта | идеи проектов | креативные проекты"
"project-name-generator","tr","proje adı oluşturucu","proje-adi-olusturucu","Proje adı oluşturucu","proje adı | proje fikirleri | yaratıcı projeler"
"project-name-generator","id","generator nama proyek","generator-nama-proyek","Generator nama proyek","nama proyek | ide proyek | proyek kreatif"
"brand-kit-generator","ru","генератор бренд-кита","generator-brend-kita","Генератор бренд-кита","бренд-кит | айдентика бренда | основы брендинга"
"brand-kit-generator","tr","marka kiti oluşturucu","marka-kiti-olusturucu","Marka kiti oluşturucu","marka kiti | marka kimliği | temel markalama"
"brand-kit-generator","id","generator brand kit","generator-brand-kit","Generator brand kit","brand kit | identitas merek | dasar branding"
"slogan-generator","ru","генератор слоганов","generator-sloganov","Генератор слоганов","креативные слоганы | слоган для бизнеса | рекламные фразы"
"slogan-generator","tr","slogan oluşturucu","slogan-olusturucu","Slogan oluşturucu","yaratıcı sloganlar | iş sloganı | reklam cümleleri"
"slogan-generator","id","generator slogan","generator-slogan","Generator slogan","slogan kreatif | slogan bisnis | kalimat iklan"
"tagline-generator","ru","генератор теглайнов","generator-teglaynov","Генератор теглайнов","теглайн бренда | короткий девиз | ценностное предложение"
"tagline-generator","tr","tagline oluşturucu","tagline-olusturucu","Tagline oluşturucu","marka tagline | kısa marka sözü | değer önerisi"
"tagline-generator","id","generator tagline","generator-tagline","Generator tagline","tagline merek | slogan pendek | proposisi nilai"
"blog-name-generator","ru","генератор названий блогов","generator-nazvaniy-blogov","Генератор названий блогов","название блога | идеи для блога | личный блог"
"blog-name-generator","tr","blog adı oluşturucu","blog-adi-olusturucu","Blog adı oluşturucu","blog adı | blog fikirleri | kişisel blog"
"blog-name-generator","id","generator nama blog","generator-nama-blog","Generator nama blog","nama blog | ide blog | blog pribadi"
"podcast-name-generator","ru","генератор названий подкастов","generator-nazvaniy-podkastov","Генератор названий подкастов","название подкаста | идеи для подкаста | креативный подкаст"
"podcast-name-generator","tr","podcast adı oluşturucu","podcast-adi-olusturucu","Podcast adı oluşturucu","podcast adı | podcast fikirleri | yaratıcı podcast"
"podcast-name-generator","id","generator nama podcast","generator-nama-podcast","Generator nama podcast","nama podcast | ide podcast | podcast kreatif"
"youtube-tag-generator","ru","генератор тегов для видео","generator-tegov-dlya-video","Генератор тегов для видео","теги видео | метки для видео | идеи тегов"
"youtube-tag-generator","tr","video etiketi oluşturucu","video-etiketi-olusturucu","Video etiketi oluşturucu","video etiketleri | etiket fikirleri | içerik etiketleri"
"youtube-tag-generator","id","generator tag video","generator-tag-video","Generator tag video","tag video | label video | ide tag"
"hashtag-generator","ru","генератор хэштегов","generator-heshtegov","Генератор хэштегов","хэштеги для соцсетей | популярные хэштеги | идеи хэштегов"
"hashtag-generator","tr","hashtag oluşturucu","hashtag-olusturucu","Hashtag oluşturucu","sosyal medya hashtagleri | popüler hashtagler | hashtag fikirleri"
"hashtag-generator","id","generator hashtag","generator-hashtag","Generator hashtag","hashtag media sosial | hashtag populer | ide hashtag"
"keyword-generator","ru","генератор ключевых слов","generator-klyuchevyh-slov","Генератор ключевых слов","ключевые слова SEO | идеи keyword | подбор ключевых слов"
"keyword-generator","tr","anahtar kelime oluşturucu","anahtar-kelime-olusturucu","Anahtar kelime oluşturucu","SEO anahtar kelimeleri | keyword fikirleri | kelime araştırması"
"keyword-generator","id","generator kata kunci","generator-kata-kunci","Generator kata kunci","kata kunci SEO | ide keyword | riset kata kunci"
"meta-tag-generator","ru","генератор мета тегов","generator-meta-tegov","Генератор мета тегов","мета теги SEO | meta title и description | теги страницы"
"meta-tag-generator","tr","meta tag oluşturucu","meta-tag-olusturucu","Meta tag oluşturucu","SEO meta tagleri | title ve description | sayfa etiketleri"
"meta-tag-generator","id","generator meta tag","generator-meta-tag","Generator meta tag","meta tag SEO | title dan description | tag halaman"
"meta-description-generator","ru","генератор метаописаний","generator-meta-opisaniy","Генератор метаописаний","метаописание SEO | сниппет поиска | описание страницы"
"meta-description-generator","tr","meta description oluşturucu","meta-description-olusturucu","Meta description oluşturucu","SEO açıklaması | arama snippet | sayfa açıklaması"
"meta-description-generator","id","generator meta description","generator-meta-description","Generator meta description","meta description SEO | cuplikan pencarian | deskripsi halaman"
"seo-title-generator","ru","генератор SEO заголовков","generator-seo-zagolovkov","Генератор SEO заголовков","SEO заголовок | title tag | заголовки для поиска"
"seo-title-generator","tr","SEO başlık oluşturucu","seo-baslik-olusturucu","SEO başlık oluşturucu","SEO başlığı | title tag | arama başlıkları"
"seo-title-generator","id","generator judul SEO","generator-judul-seo","Generator judul SEO","judul SEO | title tag | judul pencarian"
"faq-generator","ru","генератор FAQ","generator-faq","Генератор FAQ","частые вопросы | FAQ для сайта | вопросы и ответы"
"faq-generator","tr","SSS oluşturucu","sss-olusturucu","SSS oluşturucu","sık sorulan sorular | site SSS | soru cevap"
"faq-generator","id","generator FAQ","generator-faq","Generator FAQ","pertanyaan umum | FAQ situs | tanya jawab"
"canonical-tag-generator","ru","генератор канонического тега","generator-kanonicheskogo-tega","Генератор канонического тега","canonical SEO | канонический тег | основной URL"
"canonical-tag-generator","tr","canonical tag oluşturucu","canonical-tag-olusturucu","Canonical tag oluşturucu","canonical SEO | kanonik etiket | tercih edilen URL"
"canonical-tag-generator","id","generator tag canonical","generator-tag-canonical","Generator tag canonical","canonical SEO | tag kanonis | URL utama"
"robots-txt-generator","ru","генератор robots.txt","generator-robots-txt","Генератор robots.txt","robots.txt SEO | файл robots | правила сканирования"
"robots-txt-generator","tr","robots.txt oluşturucu","robots-txt-olusturucu","Robots.txt oluşturucu","robots.txt SEO | robots dosyası | tarama kuralları"
"robots-txt-generator","id","generator robots.txt","generator-robots-txt","Generator robots.txt","robots.txt SEO | file robots | aturan crawling"
"open-graph-generator","ru","генератор Open Graph","generator-open-graph","Генератор Open Graph","Open Graph SEO | превью ссылки | социальные теги"
"open-graph-generator","tr","Open Graph oluşturucu","open-graph-olusturucu","Open Graph oluşturucu","Open Graph SEO | bağlantı önizlemesi | sosyal etiketler"
"open-graph-generator","id","generator Open Graph","generator-open-graph","Generator Open Graph","Open Graph SEO | pratinjau tautan | tag sosial"
"fancy-text-generator","ru","генератор красивого текста","generator-krasivogo-teksta","Генератор красивого текста","текст для копирования | красивые буквы | декоративные шрифты"
"fancy-text-generator","tr","şekilli yazı oluşturucu","sekilli-yazi-olusturucu","Şekilli yazı oluşturucu","kopyalanabilir yazı | süslü harfler | dekoratif fontlar"
"fancy-text-generator","id","generator teks keren","generator-teks-keren","Generator teks keren","teks untuk disalin | huruf keren | font dekoratif"
"bold-text-generator","ru","генератор жирного текста","generator-zhirnogo-teksta","Генератор жирного текста","жирный Unicode | жирные буквы | скопировать жирный текст"
"bold-text-generator","tr","kalın yazı oluşturucu","kalin-yazi-olusturucu","Kalın yazı oluşturucu","kalın Unicode | kalın harfler | kalın yazı kopyala"
"bold-text-generator","id","generator teks tebal","generator-teks-tebal","Generator teks tebal","bold Unicode | huruf tebal | salin teks tebal"
"cursive-text-generator","ru","генератор курсивного текста","generator-kursivnogo-teksta","Генератор курсивного текста","курсив для копирования | рукописный текст | декоративный курсив"
"cursive-text-generator","tr","el yazısı metin oluşturucu","el-yazisi-metin-olusturucu","El yazısı metin oluşturucu","kopyalanabilir el yazısı | dekoratif kursiv | süslü metin"
"cursive-text-generator","id","generator teks kursif","generator-teks-kursif","Generator teks kursif","kursif untuk disalin | teks tulisan tangan | huruf dekoratif"
"italic-text-generator","ru","генератор текста курсивом","generator-teksta-kursivom","Генератор текста курсивом","italic Unicode | наклонный текст | скопировать курсив"
"italic-text-generator","tr","italik yazı oluşturucu","italik-yazi-olusturucu","İtalik yazı oluşturucu","italik Unicode | eğik yazı | italik kopyala"
"italic-text-generator","id","generator teks italic","generator-teks-italic","Generator teks italic","italic Unicode | teks miring | salin italic"
"small-text-generator","ru","генератор маленького текста","generator-malenkogo-teksta","Генератор маленького текста","маленькие буквы | мини текст | small text копировать"
"small-text-generator","tr","küçük yazı oluşturucu","kucuk-yazi-olusturucu","Küçük yazı oluşturucu","küçük harfler | mini yazı | small text kopyala"
"small-text-generator","id","generator teks kecil","generator-teks-kecil","Generator teks kecil","huruf kecil dekoratif | teks mini | small text salin"
"reverse-text-generator","ru","перевернуть текст","perevernut-tekst","Перевернуть текст","текст наоборот | перевернуть слова | написать задом наперед"
"reverse-text-generator","tr","metni ters çevir","metni-ters-cevir","Metni ters çevir","ters yazı | kelimeleri çevir | tersten yazma"
"reverse-text-generator","id","balik teks","balik-teks","Balik teks","teks terbalik | balik kata | tulis terbalik"
"text-case-converter","ru","конвертер регистра текста","konverter-registra-teksta","Конвертер регистра текста","верхний регистр | нижний регистр | капитализация текста"
"text-case-converter","tr","büyük küçük harf dönüştürücü","buyuk-kucuk-harf-donusturucu","Büyük küçük harf dönüştürücü","büyük harfe çevir | küçük harfe çevir | başlık biçimi"
"text-case-converter","id","konverter huruf besar kecil","konverter-huruf-besar-kecil","Konverter huruf besar kecil","ubah huruf besar | ubah huruf kecil | kapitalisasi teks"
"word-counter","ru","счетчик слов","schetchik-slov","Счетчик слов","посчитать слова | счетчик символов | длина текста"
"word-counter","tr","kelime sayacı","kelime-sayaci","Kelime sayacı","kelime sayma | karakter sayacı | metin uzunluğu"
"word-counter","id","penghitung kata","penghitung-kata","Penghitung kata","hitung kata | penghitung karakter | panjang teks"
"paragraph-generator","ru","генератор абзацев","generator-abzatsev","Генератор абзацев","абзацы для текста | написать абзац | идеи абзацев"
"paragraph-generator","tr","paragraf oluşturucu","paragraf-olusturucu","Paragraf oluşturucu","metin paragrafları | paragraf yazma | paragraf fikirleri"
"paragraph-generator","id","generator paragraf","generator-paragraf","Generator paragraf","paragraf untuk teks | menulis paragraf | ide paragraf"
"sentence-generator","ru","генератор предложений","generator-predlozheniy","Генератор предложений","примеры предложений | создать фразы | предложения для текста"
"sentence-generator","tr","cümle oluşturucu","cumle-olusturucu","Cümle oluşturucu","örnek cümleler | cümle yazma | yazı cümleleri"
"sentence-generator","id","generator kalimat","generator-kalimat","Generator kalimat","contoh kalimat | buat kalimat | kalimat untuk tulisan"
"writing-prompt-generator","ru","генератор идей для письма","idei-dlya-pisma","Генератор идей для письма","писательские промпты | идеи для рассказов | творческие упражнения"
"writing-prompt-generator","tr","yazma fikri oluşturucu","yazma-fikri-olusturucu","Yazma fikri oluşturucu","yazma promptları | hikaye fikirleri | yaratıcı alıştırmalar"
"writing-prompt-generator","id","generator ide menulis","generator-ide-menulis","Generator ide menulis","prompt menulis | ide cerita | latihan kreatif"
"blog-outline-generator","ru","генератор плана блога","generator-plana-bloga","Генератор плана блога","структура блога | план статьи | контент-план"
"blog-outline-generator","tr","blog taslağı oluşturucu","blog-taslagi-olusturucu","Blog taslağı oluşturucu","blog yapısı | makale taslağı | içerik planı"
"blog-outline-generator","id","generator kerangka blog","generator-kerangka-blog","Generator kerangka blog","struktur blog | outline artikel | rencana konten"
"product-description-generator","ru","генератор описаний товаров","generator-opisaniy-tovarov","Генератор описаний товаров","описание товара | карточка товара | ecommerce текст"
"product-description-generator","tr","ürün açıklaması oluşturucu","urun-aciklamasi-olusturucu","Ürün açıklaması oluşturucu","ürün açıklaması | ürün sayfası | e-ticaret metni"
"product-description-generator","id","generator deskripsi produk","generator-deskripsi-produk","Generator deskripsi produk","deskripsi produk | halaman produk | copy ecommerce"
