slug,tool_name,risk_type,issue_found,fixes_applied,content_quality_after,safe_framing_after,can_be_indexed_after_cleanup,must_remain_noindex,reason
ao3-tag-generator,AO3 Tag Generator,brand_ip,yes,Added shared risk-specific visible disclaimer; Added fallback intent-specific FAQ set where the tool data is thin; Cleaned unsafe or overclaiming metadata/intro wording,premium,strong,yes,no,Potentially indexable only after separate index approval because safety framing is now stronger but platform/legal/humor wording still needs conservative review.
college-name-generator,College Name Generator,safe_low_risk,yes,Added shared risk-specific visible disclaimer; Added fallback intent-specific FAQ set where the tool data is thin,premium,strong,yes,no,Low-risk page now has explicit safety framing and FAQ support; index decision still requires separate approval.
shipping-policy-generator,Shipping Policy Generator,legal_template,yes,Added shared risk-specific visible disclaimer; Added fallback intent-specific FAQ set where the tool data is thin; Cleaned unsafe or overclaiming metadata/intro wording,premium,strong,no,yes,Legal/policy/compliance template risk remains too high for indexing as a generator page.
content-calendar-generator,Content Calendar Generator,safe_low_risk,yes,Added shared risk-specific visible disclaimer; Added fallback intent-specific FAQ set where the tool data is thin; Cleaned unsafe or overclaiming metadata/intro wording,premium,strong,yes,no,Low-risk page now has explicit safety framing and FAQ support; index decision still requires separate approval.
random-address-generator,Random Address Generator,fake_identity,yes,Added shared risk-specific visible disclaimer; Added fallback intent-specific FAQ set where the tool data is thin; Cleaned unsafe or overclaiming metadata/intro wording,premium,strong,no,yes,"Could support deceptive identity, fake address, fake document, or fraudulent record use."
fake-text-generator,Fake Text Generator,fake_identity,yes,Added shared risk-specific visible disclaimer; Added fallback intent-specific FAQ set where the tool data is thin,premium,strong,no,yes,"Could support deceptive identity, fake address, fake document, or fraudulent record use."
fake-name-generator,Fake Name Generator,fake_identity,yes,Added shared risk-specific visible disclaimer; Added fallback intent-specific FAQ set where the tool data is thin; Cleaned unsafe or overclaiming metadata/intro wording,premium,strong,no,yes,"Could support deceptive identity, fake address, fake document, or fraudulent record use."
pin-generator,PIN Generator,security_sensitive,yes,Added shared risk-specific visible disclaimer; Added fallback intent-specific FAQ set where the tool data is thin; Cleaned unsafe or overclaiming metadata/intro wording,premium,strong,no,yes,"Security-sensitive output can be misunderstood as production-safe secrets, keys, tokens, or credentials."
geo-tag-generator,Geo Tag Generator,platform_abuse,yes,Added shared risk-specific visible disclaimer; Added fallback intent-specific FAQ set where the tool data is thin,premium,strong,no,yes,Platform abuse/deception risk remains too high without a deeper rewrite.
art-tag-generator,Art Tag Generator,platform_abuse,yes,Added shared risk-specific visible disclaimer; Added fallback intent-specific FAQ set where the tool data is thin,premium,strong,no,yes,Platform abuse/deception risk remains too high without a deeper rewrite.
email-tag-generator,Email Tag Generator,platform_abuse,yes,Added shared risk-specific visible disclaimer; Added fallback intent-specific FAQ set where the tool data is thin,premium,strong,no,yes,Platform abuse/deception risk remains too high without a deeper rewrite.
demon-name-generator,Demon Name Generator,safe_low_risk,yes,Added shared risk-specific visible disclaimer; Added fallback intent-specific FAQ set where the tool data is thin,premium,strong,yes,no,Low-risk page now has explicit safety framing and FAQ support; index decision still requires separate approval.
instagram-bio-generator,Instagram Bio Generator,platform_abuse,yes,Added shared risk-specific visible disclaimer; Added fallback intent-specific FAQ set where the tool data is thin,premium,strong,yes,no,Potentially indexable only after separate index approval because safety framing is now stronger but platform/legal/humor wording still needs conservative review.
instagram-caption-generator,Instagram Caption Generator,platform_abuse,yes,Added shared risk-specific visible disclaimer; Added fallback intent-specific FAQ set where the tool data is thin,premium,strong,yes,no,Potentially indexable only after separate index approval because safety framing is now stronger but platform/legal/humor wording still needs conservative review.
midjourney-prompt-generator,Midjourney Prompt Generator,platform_abuse,yes,Added shared risk-specific visible disclaimer; Added fallback intent-specific FAQ set where the tool data is thin; Cleaned unsafe or overclaiming metadata/intro wording,premium,strong,yes,no,Potentially indexable only after separate index approval because safety framing is now stronger but platform/legal/humor wording still needs conservative review.
random-choice-generator,Random Choice Generator,random_utility,yes,Added shared risk-specific visible disclaimer; Added fallback intent-specific FAQ set where the tool data is thin,premium,strong,yes,no,Low-risk page now has explicit safety framing and FAQ support; index decision still requires separate approval.
facebook-post-generator,Facebook Post Generator,platform_abuse,yes,Added shared risk-specific visible disclaimer; Added fallback intent-specific FAQ set where the tool data is thin; Cleaned unsafe or overclaiming metadata/intro wording,premium,strong,yes,no,Potentially indexable only after separate index approval because safety framing is now stronger but platform/legal/humor wording still needs conservative review.
stable-diffusion-prompt-generator,Stable Diffusion Prompt Generator,platform_abuse,yes,Added shared risk-specific visible disclaimer; Added fallback intent-specific FAQ set where the tool data is thin; Cleaned unsafe or overclaiming metadata/intro wording,premium,strong,yes,no,Potentially indexable only after separate index approval because safety framing is now stronger but platform/legal/humor wording still needs conservative review.
wheel-spinner-generator,Wheel Spinner Generator,random_utility,yes,Added shared risk-specific visible disclaimer; Added fallback intent-specific FAQ set where the tool data is thin,premium,strong,yes,no,Low-risk page now has explicit safety framing and FAQ support; index decision still requires separate approval.
ransom-note-text-generator,Ransom Note Text Generator,humor_abuse,yes,Added shared risk-specific visible disclaimer; Added fallback intent-specific FAQ set where the tool data is thin; Cleaned unsafe or overclaiming metadata/intro wording,premium,strong,no,yes,"Harassment, threat, or targeted abuse risk remains too high for indexed acquisition."
sith-name-generator,Sith Name Generator,brand_ip,yes,Added shared risk-specific visible disclaimer; Added fallback intent-specific FAQ set where the tool data is thin; Cleaned unsafe or overclaiming metadata/intro wording,premium,strong,no,yes,Search intent is anchored in protected third-party IP or platform identity; indexing invites affiliation/confusion and rights risk.
twitter-bio-generator,Twitter/X Bio Generator,platform_abuse,yes,Added shared risk-specific visible disclaimer; Added fallback intent-specific FAQ set where the tool data is thin,premium,strong,yes,no,Potentially indexable only after separate index approval because safety framing is now stronger but platform/legal/humor wording still needs conservative review.
tiktok-bio-generator,TikTok Bio Generator,platform_abuse,yes,Added shared risk-specific visible disclaimer; Added fallback intent-specific FAQ set where the tool data is thin,premium,strong,yes,no,Potentially indexable only after separate index approval because safety framing is now stronger but platform/legal/humor wording still needs conservative review.
linkedin-bio-generator,LinkedIn Bio Generator,platform_abuse,yes,Added shared risk-specific visible disclaimer; Added fallback intent-specific FAQ set where the tool data is thin,premium,strong,yes,no,Potentially indexable only after separate index approval because safety framing is now stronger but platform/legal/humor wording still needs conservative review.
youtube-name-generator,YouTube Channel Name Generator,platform_abuse,yes,Added shared risk-specific visible disclaimer; Added fallback intent-specific FAQ set where the tool data is thin,premium,strong,yes,no,Potentially indexable only after separate index approval because safety framing is now stronger but platform/legal/humor wording still needs conservative review.
tiktok-name-generator,TikTok Name Generator,platform_abuse,yes,Added shared risk-specific visible disclaimer; Added fallback intent-specific FAQ set where the tool data is thin,premium,strong,yes,no,Potentially indexable only after separate index approval because safety framing is now stronger but platform/legal/humor wording still needs conservative review.
instagram-name-generator,Instagram Name Generator,platform_abuse,yes,Added shared risk-specific visible disclaimer; Added fallback intent-specific FAQ set where the tool data is thin,premium,strong,yes,no,Potentially indexable only after separate index approval because safety framing is now stronger but platform/legal/humor wording still needs conservative review.
twitter-name-generator,Twitter/X Name Generator,platform_abuse,yes,Added shared risk-specific visible disclaimer; Added fallback intent-specific FAQ set where the tool data is thin,premium,strong,yes,no,Potentially indexable only after separate index approval because safety framing is now stronger but platform/legal/humor wording still needs conservative review.
linkedin-headline-generator,LinkedIn Headline Generator,platform_abuse,yes,Added shared risk-specific visible disclaimer; Added fallback intent-specific FAQ set where the tool data is thin,premium,strong,yes,no,Potentially indexable only after separate index approval because safety framing is now stronger but platform/legal/humor wording still needs conservative review.
api-key-generator,API Key Generator,security_sensitive,yes,Added shared risk-specific visible disclaimer; Added fallback intent-specific FAQ set where the tool data is thin,premium,strong,no,yes,"Security-sensitive output can be misunderstood as production-safe secrets, keys, tokens, or credentials."
youtube-description-generator,YouTube Description Generator,platform_abuse,yes,Added shared risk-specific visible disclaimer; Added fallback intent-specific FAQ set where the tool data is thin,premium,strong,yes,no,Potentially indexable only after separate index approval because safety framing is now stronger but platform/legal/humor wording still needs conservative review.
tiktok-caption-generator,TikTok Caption Generator,platform_abuse,yes,Added shared risk-specific visible disclaimer; Added fallback intent-specific FAQ set where the tool data is thin,premium,strong,yes,no,Potentially indexable only after separate index approval because safety framing is now stronger but platform/legal/humor wording still needs conservative review.
license-key-generator,License Key Generator,security_sensitive,yes,Added shared risk-specific visible disclaimer; Added fallback intent-specific FAQ set where the tool data is thin,premium,strong,no,yes,"Security-sensitive output can be misunderstood as production-safe secrets, keys, tokens, or credentials."
recovery-code-generator,Recovery Code Generator,security_sensitive,yes,Added shared risk-specific visible disclaimer; Added fallback intent-specific FAQ set where the tool data is thin,premium,strong,no,yes,"Security-sensitive output can be misunderstood as production-safe secrets, keys, tokens, or credentials."
invoice-generator,Invoice Generator,fake_identity,yes,Added shared risk-specific visible disclaimer; Added fallback intent-specific FAQ set where the tool data is thin,premium,strong,no,yes,"Could support deceptive identity, fake address, fake document, or fraudulent record use."
meeting-agenda-generator,Meeting Agenda Generator,safe_low_risk,yes,Added shared risk-specific visible disclaimer; Added fallback intent-specific FAQ set where the tool data is thin,premium,strong,yes,no,Low-risk page now has explicit safety framing and FAQ support; index decision still requires separate approval.
linkedin-post-generator,LinkedIn Post Generator,platform_abuse,yes,Added shared risk-specific visible disclaimer; Added fallback intent-specific FAQ set where the tool data is thin,premium,strong,yes,no,Potentially indexable only after separate index approval because safety framing is now stronger but platform/legal/humor wording still needs conservative review.
x-post-generator,X/Twitter Post Generator,platform_abuse,yes,Added shared risk-specific visible disclaimer; Added fallback intent-specific FAQ set where the tool data is thin,premium,strong,yes,no,Potentially indexable only after separate index approval because safety framing is now stronger but platform/legal/humor wording still needs conservative review.
jwt-generator,JWT Token Generator,security_sensitive,yes,Added shared risk-specific visible disclaimer; Added fallback intent-specific FAQ set where the tool data is thin,premium,strong,no,yes,"Security-sensitive output can be misunderstood as production-safe secrets, keys, tokens, or credentials."
amazon-listing-generator,Amazon Listing Generator,platform_abuse,yes,Added shared risk-specific visible disclaimer; Added fallback intent-specific FAQ set where the tool data is thin,premium,strong,yes,no,Potentially indexable only after separate index approval because safety framing is now stronger but platform/legal/humor wording still needs conservative review.
etsy-listing-generator,Etsy Listing Generator,platform_abuse,yes,Added shared risk-specific visible disclaimer; Added fallback intent-specific FAQ set where the tool data is thin,premium,strong,yes,no,Potentially indexable only after separate index approval because safety framing is now stronger but platform/legal/humor wording still needs conservative review.
youtube-hook-generator,YouTube Hook Generator,platform_abuse,yes,Added shared risk-specific visible disclaimer; Added fallback intent-specific FAQ set where the tool data is thin,premium,strong,yes,no,Potentially indexable only after separate index approval because safety framing is now stronger but platform/legal/humor wording still needs conservative review.
linkedin-summary-generator,LinkedIn Summary Generator,platform_abuse,yes,Added shared risk-specific visible disclaimer; Added fallback intent-specific FAQ set where the tool data is thin,premium,strong,yes,no,Potentially indexable only after separate index approval because safety framing is now stronger but platform/legal/humor wording still needs conservative review.
receipt-generator,Receipt Generator,fake_identity,yes,Added shared risk-specific visible disclaimer; Added fallback intent-specific FAQ set where the tool data is thin,premium,strong,no,yes,"Could support deceptive identity, fake address, fake document, or fraudulent record use."
star-wars-name-generator,Star Wars Name Generator,brand_ip,yes,Added shared risk-specific visible disclaimer; Added fallback intent-specific FAQ set where the tool data is thin,premium,strong,no,yes,Search intent is anchored in protected third-party IP or platform identity; indexing invites affiliation/confusion and rights risk.
roblox-name-generator,Roblox Name Generator,brand_ip,yes,Added shared risk-specific visible disclaimer; Added fallback intent-specific FAQ set where the tool data is thin,premium,strong,no,yes,Search intent is anchored in protected third-party IP or platform identity; indexing invites affiliation/confusion and rights risk.
harry-potter-name-generator,Harry Potter Name Generator,brand_ip,yes,Added shared risk-specific visible disclaimer; Added fallback intent-specific FAQ set where the tool data is thin,premium,strong,no,yes,Search intent is anchored in protected third-party IP or platform identity; indexing invites affiliation/confusion and rights risk.
pokemon-name-generator,Pokemon Name Generator,brand_ip,yes,Added shared risk-specific visible disclaimer; Added fallback intent-specific FAQ set where the tool data is thin,premium,strong,no,yes,Search intent is anchored in protected third-party IP or platform identity; indexing invites affiliation/confusion and rights risk.
fortnite-name-generator,Fortnite Name Generator,brand_ip,yes,Added shared risk-specific visible disclaimer; Added fallback intent-specific FAQ set where the tool data is thin,premium,strong,no,yes,Search intent is anchored in protected third-party IP or platform identity; indexing invites affiliation/confusion and rights risk.
minecraft-name-generator,Minecraft Name Generator,brand_ip,yes,Added shared risk-specific visible disclaimer; Added fallback intent-specific FAQ set where the tool data is thin,premium,strong,no,yes,Search intent is anchored in protected third-party IP or platform identity; indexing invites affiliation/confusion and rights risk.
valorant-name-generator,Valorant Name Generator,brand_ip,yes,Added shared risk-specific visible disclaimer; Added fallback intent-specific FAQ set where the tool data is thin,premium,strong,no,yes,Search intent is anchored in protected third-party IP or platform identity; indexing invites affiliation/confusion and rights risk.
league-of-legends-name-generator,League of Legends Name Generator,brand_ip,yes,Added shared risk-specific visible disclaimer; Added fallback intent-specific FAQ set where the tool data is thin,premium,strong,no,yes,Search intent is anchored in protected third-party IP or platform identity; indexing invites affiliation/confusion and rights risk.
minecraft-text-generator,Minecraft Text Generator,brand_ip,yes,Added shared risk-specific visible disclaimer; Added fallback intent-specific FAQ set where the tool data is thin,premium,strong,no,yes,Search intent is anchored in protected third-party IP or platform identity; indexing invites affiliation/confusion and rights risk.
dark-souls-text-generator,Dark Souls Message Generator,brand_ip,yes,Added shared risk-specific visible disclaimer; Added fallback intent-specific FAQ set where the tool data is thin,premium,strong,no,yes,Search intent is anchored in protected third-party IP or platform identity; indexing invites affiliation/confusion and rights risk.
star-wars-text-generator,Star Wars Text Generator,brand_ip,yes,Added shared risk-specific visible disclaimer; Added fallback intent-specific FAQ set where the tool data is thin,premium,strong,no,yes,Search intent is anchored in protected third-party IP or platform identity; indexing invites affiliation/confusion and rights risk.
spongebob-text-generator,Spongebob Text Generator,brand_ip,yes,Added shared risk-specific visible disclaimer; Added fallback intent-specific FAQ set where the tool data is thin,premium,strong,no,yes,Search intent is anchored in protected third-party IP or platform identity; indexing invites affiliation/confusion and rights risk.
undertale-text-generator,Undertale Text Generator,brand_ip,yes,Added shared risk-specific visible disclaimer; Added fallback intent-specific FAQ set where the tool data is thin,premium,strong,no,yes,Search intent is anchored in protected third-party IP or platform identity; indexing invites affiliation/confusion and rights risk.
pokemon-text-generator,Pokemon Text Generator,brand_ip,yes,Added shared risk-specific visible disclaimer; Added fallback intent-specific FAQ set where the tool data is thin,premium,strong,no,yes,Search intent is anchored in protected third-party IP or platform identity; indexing invites affiliation/confusion and rights risk.
roblox-username-generator,Roblox Username Generator,brand_ip,yes,Added shared risk-specific visible disclaimer; Added fallback intent-specific FAQ set where the tool data is thin,premium,strong,no,yes,Search intent is anchored in protected third-party IP or platform identity; indexing invites affiliation/confusion and rights risk.
acceptable-use-policy-generator,Acceptable Use Policy Generator,legal_template,yes,Added shared risk-specific visible disclaimer; Added fallback intent-specific FAQ set where the tool data is thin,premium,strong,no,yes,Legal/policy/compliance template risk remains too high for indexing as a generator page.
chatgpt-prompt-generator,ChatGPT Prompt Generator,platform_abuse,yes,Added shared risk-specific visible disclaimer; Added fallback intent-specific FAQ set where the tool data is thin,premium,strong,yes,no,Potentially indexable only after separate index approval because safety framing is now stronger but platform/legal/humor wording still needs conservative review.
contract-generator,Contract Generator,legal_template,yes,Added shared risk-specific visible disclaimer; Added fallback intent-specific FAQ set where the tool data is thin,premium,strong,no,yes,Legal/policy/compliance template risk remains too high for indexing as a generator page.
dalle-prompt-generator,DALL-E Prompt Generator,platform_abuse,yes,Added shared risk-specific visible disclaimer; Added fallback intent-specific FAQ set where the tool data is thin,premium,strong,yes,no,Potentially indexable only after separate index approval because safety framing is now stronger but platform/legal/humor wording still needs conservative review.
dmca-policy-generator,DMCA Policy Generator,legal_template,yes,Added shared risk-specific visible disclaimer; Added fallback intent-specific FAQ set where the tool data is thin,premium,strong,no,yes,Legal/policy/compliance template risk remains too high for indexing as a generator page.
purchase-order-generator,Purchase Order Generator,legal_template,yes,Added shared risk-specific visible disclaimer; Added fallback intent-specific FAQ set where the tool data is thin,premium,strong,yes,no,Potentially indexable only after separate index approval because safety framing is now stronger but platform/legal/humor wording still needs conservative review.
quotation-generator,Quotation Generator,legal_template,yes,Added shared risk-specific visible disclaimer; Added fallback intent-specific FAQ set where the tool data is thin,premium,strong,yes,no,Potentially indexable only after separate index approval because safety framing is now stronger but platform/legal/humor wording still needs conservative review.
return-policy-generator,Return Policy Generator,legal_template,yes,Added shared risk-specific visible disclaimer; Added fallback intent-specific FAQ set where the tool data is thin,premium,strong,no,yes,Legal/policy/compliance template risk remains too high for indexing as a generator page.
youtube-tag-generator,YouTube Tag Generator,platform_abuse,yes,Added shared risk-specific visible disclaimer; Added fallback intent-specific FAQ set where the tool data is thin,premium,strong,yes,no,Potentially indexable only after separate index approval because safety framing is now stronger but platform/legal/humor wording still needs conservative review.
password-generator,Password Generator,security_sensitive,yes,Added shared risk-specific visible disclaimer; Added fallback intent-specific FAQ set where the tool data is thin,premium,strong,no,yes,"Security-sensitive output can be misunderstood as production-safe secrets, keys, tokens, or credentials."
instagram-hashtag-generator,Instagram Hashtag Generator,platform_abuse,yes,Added shared risk-specific visible disclaimer; Added fallback intent-specific FAQ set where the tool data is thin,premium,strong,yes,no,Potentially indexable only after separate index approval because safety framing is now stronger but platform/legal/humor wording still needs conservative review.
tiktok-hashtag-generator,TikTok Hashtag Generator,platform_abuse,yes,Added shared risk-specific visible disclaimer; Added fallback intent-specific FAQ set where the tool data is thin,premium,strong,yes,no,Potentially indexable only after separate index approval because safety framing is now stronger but platform/legal/humor wording still needs conservative review.
etsy-tag-generator,Etsy Tag Generator,platform_abuse,yes,Added shared risk-specific visible disclaimer; Added fallback intent-specific FAQ set where the tool data is thin,premium,strong,yes,no,Potentially indexable only after separate index approval because safety framing is now stronger but platform/legal/humor wording still needs conservative review.
shakespeare-insult-generator,Shakespeare Insult Generator,humor_abuse,yes,Added shared risk-specific visible disclaimer; Added fallback intent-specific FAQ set where the tool data is thin,premium,strong,yes,no,Potentially indexable only after separate index approval because safety framing is now stronger but platform/legal/humor wording still needs conservative review.
facebook-hashtag-generator,Facebook Hashtag Generator,platform_abuse,yes,Added shared risk-specific visible disclaimer; Added fallback intent-specific FAQ set where the tool data is thin,premium,strong,yes,no,Potentially indexable only after separate index approval because safety framing is now stronger but platform/legal/humor wording still needs conservative review.
pinterest-tag-generator,Pinterest Tag Generator,platform_abuse,yes,Added shared risk-specific visible disclaimer; Added fallback intent-specific FAQ set where the tool data is thin,premium,strong,yes,no,Potentially indexable only after separate index approval because safety framing is now stronger but platform/legal/humor wording still needs conservative review.
soundcloud-tag-generator,SoundCloud Tag Generator,platform_abuse,yes,Added shared risk-specific visible disclaimer; Added fallback intent-specific FAQ set where the tool data is thin,premium,strong,yes,no,Potentially indexable only after separate index approval because safety framing is now stronger but platform/legal/humor wording still needs conservative review.
comeback-generator,Comeback Generator,humor_abuse,yes,Added shared risk-specific visible disclaimer; Added fallback intent-specific FAQ set where the tool data is thin,premium,strong,yes,no,Potentially indexable only after separate index approval because safety framing is now stronger but platform/legal/humor wording still needs conservative review.
privacy-policy-generator,Privacy Policy Generator,legal_template,yes,Added shared risk-specific visible disclaimer; Added fallback intent-specific FAQ set where the tool data is thin,premium,strong,no,yes,Legal/policy/compliance template risk remains too high for indexing as a generator page.
terms-generator,Terms and Conditions Generator,legal_template,yes,Added shared risk-specific visible disclaimer; Added fallback intent-specific FAQ set where the tool data is thin,premium,strong,no,yes,Legal/policy/compliance template risk remains too high for indexing as a generator page.
cookie-policy-generator,Cookie Policy Generator,legal_template,yes,Added shared risk-specific visible disclaimer; Added fallback intent-specific FAQ set where the tool data is thin,premium,strong,no,yes,Legal/policy/compliance template risk remains too high for indexing as a generator page.
disclaimer-generator,Disclaimer Generator,legal_template,yes,Added shared risk-specific visible disclaimer; Added fallback intent-specific FAQ set where the tool data is thin,premium,strong,no,yes,Legal/policy/compliance template risk remains too high for indexing as a generator page.
twitter-card-generator,Twitter Card Generator,platform_abuse,yes,Added shared risk-specific visible disclaimer; Added fallback intent-specific FAQ set where the tool data is thin,premium,strong,yes,no,Potentially indexable only after separate index approval because safety framing is now stronger but platform/legal/humor wording still needs conservative review.
refund-policy-generator,Refund Policy Generator,legal_template,yes,Added shared risk-specific visible disclaimer; Added fallback intent-specific FAQ set where the tool data is thin,premium,strong,no,yes,Legal/policy/compliance template risk remains too high for indexing as a generator page.
affiliate-disclosure-generator,Affiliate Disclosure Generator,legal_template,yes,Added shared risk-specific visible disclaimer; Added fallback intent-specific FAQ set where the tool data is thin,premium,strong,no,yes,Legal/policy/compliance template risk remains too high for indexing as a generator page.
roast-generator,Roast Generator,humor_abuse,yes,Added shared risk-specific visible disclaimer; Added fallback intent-specific FAQ set where the tool data is thin,premium,strong,no,yes,"Harassment, threat, or targeted abuse risk remains too high for indexed acquisition."
tiktok-username-generator,TikTok Username Generator,platform_abuse,yes,Added shared risk-specific visible disclaimer; Added fallback intent-specific FAQ set where the tool data is thin,premium,strong,yes,no,Potentially indexable only after separate index approval because safety framing is now stronger but platform/legal/humor wording still needs conservative review.
nda-generator,NDA Generator,legal_template,yes,Added shared risk-specific visible disclaimer; Added fallback intent-specific FAQ set where the tool data is thin,premium,strong,no,yes,Legal/policy/compliance template risk remains too high for indexing as a generator page.
service-agreement-generator,Service Agreement Generator,legal_template,yes,Added shared risk-specific visible disclaimer; Added fallback intent-specific FAQ set where the tool data is thin,premium,strong,no,yes,Legal/policy/compliance template risk remains too high for indexing as a generator page.
shopify-product-description-generator,Shopify Product Description Generator,platform_abuse,yes,Added shared risk-specific visible disclaimer; Added fallback intent-specific FAQ set where the tool data is thin,premium,strong,yes,no,Potentially indexable only after separate index approval because safety framing is now stronger but platform/legal/humor wording still needs conservative review.
token-generator,Token Generator,security_sensitive,yes,Added shared risk-specific visible disclaimer; Added fallback intent-specific FAQ set where the tool data is thin,premium,strong,no,yes,"Security-sensitive output can be misunderstood as production-safe secrets, keys, tokens, or credentials."
